-- phpMyAdmin SQL Dump
-- version 4.7.4
-- https://www.phpmyadmin.net/
--
-- Host: 127.0.0.1
-- Generation Time: 23 Jun 2020 pada 18.18
-- Versi Server: 10.1.29-MariaDB
-- PHP Version: 7.2.0

SET SQL_MODE = "NO_AUTO_VALUE_ON_ZERO";
SET AUTOCOMMIT = 0;
START TRANSACTION;
SET time_zone = "+00:00";


/*!40101 SET @OLD_CHARACTER_SET_CLIENT=@@CHARACTER_SET_CLIENT */;
/*!40101 SET @OLD_CHARACTER_SET_RESULTS=@@CHARACTER_SET_RESULTS */;
/*!40101 SET @OLD_COLLATION_CONNECTION=@@COLLATION_CONNECTION */;
/*!40101 SET NAMES utf8mb4 */;

--
-- Database: `db_pemesanan_tiket`
--

-- --------------------------------------------------------

--
-- Struktur dari tabel `boking`
--

CREATE TABLE `boking` (
  `id_boking` int(11) NOT NULL,
  `id_user` int(11) NOT NULL,
  `id_rute` int(11) NOT NULL,
  `id_kapal` int(11) NOT NULL,
  `no_faktur` varchar(20) NOT NULL,
  `total` varchar(50) NOT NULL,
  `tgl_pelayaran` datetime NOT NULL,
  `tgl_boking` datetime NOT NULL,
  `status` enum('0','1','2','') NOT NULL
) ENGINE=InnoDB DEFAULT CHARSET=latin1;

-- --------------------------------------------------------

--
-- Struktur dari tabel `detail_boking`
--

CREATE TABLE `detail_boking` (
  `id_detail_boking` int(11) NOT NULL,
  `id_boking` int(11) NOT NULL,
  `id_kursi` int(11) NOT NULL,
  `nama_penerima` varchar(50) NOT NULL,
  `phone` varchar(20) NOT NULL,
  `usia` enum('dewasa','anak','','') NOT NULL
) ENGINE=InnoDB DEFAULT CHARSET=latin1;

-- --------------------------------------------------------

--
-- Struktur dari tabel `jadwal`
--

CREATE TABLE `jadwal` (
  `id_jadwal` int(11) NOT NULL,
  `id_kapal` int(11) NOT NULL,
  `id_rute` int(11) NOT NULL,
  `hari` varchar(10) NOT NULL,
  `jam` time NOT NULL
) ENGINE=InnoDB DEFAULT CHARSET=latin1;

--
-- Dumping data untuk tabel `jadwal`
--

INSERT INTO `jadwal` (`id_jadwal`, `id_kapal`, `id_rute`, `hari`, `jam`) VALUES
(1, 3, 4, 'minggu', '16:00:00'),
(2, 3, 5, 'selasa', '13:00:00'),
(3, 4, 6, 'minggu', '17:00:00'),
(4, 4, 7, 'selasa', '07:00:00'),
(5, 5, 8, 'selasa', '08:00:00'),
(6, 5, 9, 'kamis', '14:00:00'),
(7, 6, 10, 'selasa', '05:00:00'),
(8, 6, 11, 'kamis', '19:30:00'),
(9, 7, 12, 'sabtu', '08:00:00'),
(10, 7, 13, 'rabu', '16:00:00'),
(11, 8, 14, 'jumat', '14:00:00'),
(12, 8, 15, 'minggu', '19:00:00'),
(13, 8, 14, 'selasa', '14:00:00'),
(14, 8, 15, 'kamis', '19:00:00'),
(15, 9, 16, 'rabu', '16:00:00'),
(16, 9, 17, 'jumat', '18:00:00'),
(17, 10, 18, 'kamis', '07:00:00'),
(18, 10, 19, 'minggu', '14:00:00'),
(19, 11, 20, 'senin', '12:00:00'),
(20, 11, 21, 'rabu', '19:00:00');

-- --------------------------------------------------------

--
-- Struktur dari tabel `kabin`
--

CREATE TABLE `kabin` (
  `id_kabin` int(11) NOT NULL,
  `kabin` varchar(2) NOT NULL,
  `status` enum('on','off','','') NOT NULL
) ENGINE=InnoDB DEFAULT CHARSET=latin1;

--
-- Dumping data untuk tabel `kabin`
--

INSERT INTO `kabin` (`id_kabin`, `kabin`, `status`) VALUES
(1, '1', 'on'),
(2, '2', 'on'),
(3, '3', 'on');

-- --------------------------------------------------------

--
-- Struktur dari tabel `kapal`
--

CREATE TABLE `kapal` (
  `id_kapal` int(11) NOT NULL,
  `nama` varchar(50) NOT NULL,
  `status` enum('on','off','','') NOT NULL
) ENGINE=InnoDB DEFAULT CHARSET=latin1;

--
-- Dumping data untuk tabel `kapal`
--

INSERT INTO `kapal` (`id_kapal`, `nama`, `status`) VALUES
(3, 'KM KIRANA IX', 'on'),
(4, 'KM DHARMA FERY VII', 'on'),
(5, 'KM KIRANA III', 'on'),
(6, 'KM DHARMA FERY II', 'on'),
(7, 'KM KIRANA I', 'on'),
(8, 'KM DHARMA KARTINA IX', 'on'),
(9, 'KM DHARMA FERY III', 'on'),
(10, 'KM MADANI NUSANTARA', 'on'),
(11, 'KM DHARMA RUCITRA IX', 'on');

-- --------------------------------------------------------

--
-- Struktur dari tabel `kursi`
--

CREATE TABLE `kursi` (
  `id_kursi` int(11) NOT NULL,
  `id_kapal` int(11) NOT NULL,
  `id_kabin` int(11) NOT NULL,
  `kursi` varchar(3) NOT NULL,
  `status` enum('on','off','','') NOT NULL
) ENGINE=InnoDB DEFAULT CHARSET=latin1;

--
-- Dumping data untuk tabel `kursi`
--

INSERT INTO `kursi` (`id_kursi`, `id_kapal`, `id_kabin`, `kursi`, `status`) VALUES
(1, 3, 1, '100', 'on'),
(2, 3, 1, '101', 'on'),
(3, 3, 1, '102', 'on'),
(4, 3, 1, '103', 'on'),
(5, 3, 1, '104', 'on'),
(6, 3, 1, '105', 'on'),
(7, 3, 1, '106', 'on'),
(8, 3, 1, '107', 'on'),
(9, 3, 1, '108', 'on'),
(10, 3, 1, '109', 'on'),
(11, 3, 1, '110', 'on'),
(12, 3, 1, '111', 'on'),
(13, 3, 1, '112', 'on'),
(14, 3, 1, '113', 'on'),
(15, 3, 1, '114', 'on'),
(16, 3, 1, '115', 'on'),
(17, 3, 1, '116', 'on'),
(18, 3, 1, '117', 'on'),
(19, 3, 1, '118', 'on'),
(20, 3, 1, '119', 'on'),
(21, 3, 1, '120', 'on'),
(22, 3, 1, '121', 'on'),
(23, 3, 1, '122', 'on'),
(24, 3, 1, '123', 'on'),
(25, 3, 1, '124', 'on'),
(26, 3, 1, '125', 'on'),
(27, 3, 1, '126', 'on'),
(28, 3, 1, '127', 'on'),
(29, 3, 1, '128', 'on'),
(30, 3, 1, '129', 'on'),
(31, 3, 1, '130', 'on'),
(32, 3, 1, '131', 'on'),
(33, 3, 1, '132', 'on'),
(34, 3, 1, '133', 'on'),
(35, 3, 1, '134', 'on'),
(36, 3, 1, '135', 'on'),
(37, 3, 1, '136', 'on'),
(38, 3, 1, '137', 'on'),
(39, 3, 1, '138', 'on'),
(40, 3, 1, '139', 'on'),
(41, 3, 1, '140', 'on'),
(42, 3, 1, '141', 'on'),
(43, 3, 1, '142', 'on'),
(44, 3, 1, '143', 'on'),
(45, 3, 1, '144', 'on'),
(46, 3, 1, '145', 'on'),
(47, 3, 1, '146', 'on'),
(48, 3, 1, '147', 'on'),
(49, 3, 1, '148', 'on'),
(50, 3, 1, '149', 'on'),
(51, 3, 1, '150', 'on'),
(52, 3, 1, '151', 'on'),
(53, 3, 1, '152', 'on'),
(54, 3, 1, '153', 'on'),
(55, 3, 1, '154', 'on'),
(56, 3, 1, '155', 'on'),
(57, 3, 1, '156', 'on'),
(58, 3, 1, '157', 'on'),
(59, 3, 1, '158', 'on'),
(60, 3, 1, '159', 'on'),
(61, 3, 1, '160', 'on'),
(62, 3, 1, '161', 'on'),
(63, 3, 1, '162', 'on'),
(64, 3, 1, '163', 'on'),
(65, 3, 1, '164', 'on'),
(66, 3, 1, '165', 'on'),
(67, 3, 1, '166', 'on'),
(68, 3, 1, '167', 'on'),
(69, 3, 1, '168', 'on'),
(70, 3, 1, '169', 'on'),
(71, 3, 1, '170', 'on'),
(72, 3, 1, '171', 'on'),
(73, 3, 1, '172', 'on'),
(74, 3, 1, '173', 'on'),
(75, 3, 1, '174', 'on'),
(76, 3, 1, '175', 'on'),
(77, 3, 1, '176', 'on'),
(78, 3, 1, '177', 'on'),
(79, 3, 1, '178', 'on'),
(80, 3, 1, '179', 'on'),
(81, 3, 1, '180', 'on'),
(82, 3, 1, '181', 'on'),
(83, 3, 1, '182', 'on'),
(84, 3, 1, '183', 'on'),
(85, 3, 1, '184', 'on'),
(86, 3, 1, '185', 'on'),
(87, 3, 1, '186', 'on'),
(88, 3, 1, '187', 'on'),
(89, 3, 1, '188', 'on'),
(90, 3, 1, '189', 'on'),
(91, 3, 1, '190', 'on'),
(92, 3, 1, '191', 'on'),
(93, 3, 1, '192', 'on'),
(94, 3, 1, '193', 'on'),
(95, 3, 1, '194', 'on'),
(96, 3, 1, '195', 'on'),
(97, 3, 1, '196', 'on'),
(98, 3, 1, '197', 'on'),
(99, 3, 1, '198', 'on'),
(100, 3, 1, '199', 'on'),
(101, 4, 1, '100', 'on'),
(102, 4, 1, '101', 'on'),
(103, 4, 1, '102', 'on'),
(104, 4, 1, '103', 'on'),
(105, 4, 1, '104', 'on'),
(106, 4, 1, '105', 'on'),
(107, 4, 1, '106', 'on'),
(108, 4, 1, '107', 'on'),
(109, 4, 1, '108', 'on'),
(110, 4, 1, '109', 'on'),
(111, 4, 1, '110', 'on'),
(112, 4, 1, '111', 'on'),
(113, 4, 1, '112', 'on'),
(114, 4, 1, '113', 'on'),
(115, 4, 1, '114', 'on'),
(116, 4, 1, '115', 'on'),
(117, 4, 1, '116', 'on'),
(118, 4, 1, '117', 'on'),
(119, 4, 1, '118', 'on'),
(120, 4, 1, '119', 'on'),
(121, 4, 1, '120', 'on'),
(122, 4, 1, '121', 'on'),
(123, 4, 1, '122', 'on'),
(124, 4, 1, '123', 'on'),
(125, 4, 1, '124', 'on'),
(126, 4, 1, '125', 'on'),
(127, 4, 1, '126', 'on'),
(128, 4, 1, '127', 'on'),
(129, 4, 1, '128', 'on'),
(130, 4, 1, '129', 'on'),
(131, 4, 1, '130', 'on'),
(132, 4, 1, '131', 'on'),
(133, 4, 1, '132', 'on'),
(134, 4, 1, '133', 'on'),
(135, 4, 1, '134', 'on'),
(136, 4, 1, '135', 'on'),
(137, 4, 1, '136', 'on'),
(138, 4, 1, '137', 'on'),
(139, 4, 1, '138', 'on'),
(140, 4, 1, '139', 'on'),
(141, 4, 1, '140', 'on'),
(142, 4, 1, '141', 'on'),
(143, 4, 1, '142', 'on'),
(144, 4, 1, '143', 'on'),
(145, 4, 1, '144', 'on'),
(146, 4, 1, '145', 'on'),
(147, 4, 1, '146', 'on'),
(148, 4, 1, '147', 'on'),
(149, 4, 1, '148', 'on'),
(150, 4, 1, '149', 'on'),
(151, 4, 1, '150', 'on'),
(152, 4, 1, '151', 'on'),
(153, 4, 1, '152', 'on'),
(154, 4, 1, '153', 'on'),
(155, 4, 1, '154', 'on'),
(156, 4, 1, '155', 'on'),
(157, 4, 1, '156', 'on'),
(158, 4, 1, '157', 'on'),
(159, 4, 1, '158', 'on'),
(160, 4, 1, '159', 'on'),
(161, 4, 1, '160', 'on'),
(162, 4, 1, '161', 'on'),
(163, 4, 1, '162', 'on'),
(164, 4, 1, '163', 'on'),
(165, 4, 1, '164', 'on'),
(166, 4, 1, '165', 'on'),
(167, 4, 1, '166', 'on'),
(168, 4, 1, '167', 'on'),
(169, 4, 1, '168', 'on'),
(170, 4, 1, '169', 'on'),
(171, 4, 1, '170', 'on'),
(172, 4, 1, '171', 'on'),
(173, 4, 1, '172', 'on'),
(174, 4, 1, '173', 'on'),
(175, 4, 1, '174', 'on'),
(176, 4, 1, '175', 'on'),
(177, 4, 1, '176', 'on'),
(178, 4, 1, '177', 'on'),
(179, 4, 1, '178', 'on'),
(180, 4, 1, '179', 'on'),
(181, 4, 1, '180', 'on'),
(182, 4, 1, '181', 'on'),
(183, 4, 1, '182', 'on'),
(184, 4, 1, '183', 'on'),
(185, 4, 1, '184', 'on'),
(186, 4, 1, '185', 'on'),
(187, 4, 1, '186', 'on'),
(188, 4, 1, '187', 'on'),
(189, 4, 1, '188', 'on'),
(190, 4, 1, '189', 'on'),
(191, 4, 1, '190', 'on'),
(192, 4, 1, '191', 'on'),
(193, 4, 1, '192', 'on'),
(194, 4, 1, '193', 'on'),
(195, 4, 1, '194', 'on'),
(196, 4, 1, '195', 'on'),
(197, 4, 1, '196', 'on'),
(198, 4, 1, '197', 'on'),
(199, 4, 1, '198', 'on'),
(200, 4, 1, '199', 'on'),
(201, 5, 1, '100', 'on'),
(202, 5, 1, '101', 'on'),
(203, 5, 1, '102', 'on'),
(204, 5, 1, '103', 'on'),
(205, 5, 1, '104', 'on'),
(206, 5, 1, '105', 'on'),
(207, 5, 1, '106', 'on'),
(208, 5, 1, '107', 'on'),
(209, 5, 1, '108', 'on'),
(210, 5, 1, '109', 'on'),
(211, 5, 1, '110', 'on'),
(212, 5, 1, '111', 'on'),
(213, 5, 1, '112', 'on'),
(214, 5, 1, '113', 'on'),
(215, 5, 1, '114', 'on'),
(216, 5, 1, '115', 'on'),
(217, 5, 1, '116', 'on'),
(218, 5, 1, '117', 'on'),
(219, 5, 1, '118', 'on'),
(220, 5, 1, '119', 'on'),
(221, 5, 1, '120', 'on'),
(222, 5, 1, '121', 'on'),
(223, 5, 1, '122', 'on'),
(224, 5, 1, '123', 'on'),
(225, 5, 1, '124', 'on'),
(226, 5, 1, '125', 'on'),
(227, 5, 1, '126', 'on'),
(228, 5, 1, '127', 'on'),
(229, 5, 1, '128', 'on'),
(230, 5, 1, '129', 'on'),
(231, 5, 1, '130', 'on'),
(232, 5, 1, '131', 'on'),
(233, 5, 1, '132', 'on'),
(234, 5, 1, '133', 'on'),
(235, 5, 1, '134', 'on'),
(236, 5, 1, '135', 'on'),
(237, 5, 1, '136', 'on'),
(238, 5, 1, '137', 'on'),
(239, 5, 1, '138', 'on'),
(240, 5, 1, '139', 'on'),
(241, 5, 1, '140', 'on'),
(242, 5, 1, '141', 'on'),
(243, 5, 1, '142', 'on'),
(244, 5, 1, '143', 'on'),
(245, 5, 1, '144', 'on'),
(246, 5, 1, '145', 'on'),
(247, 5, 1, '146', 'on'),
(248, 5, 1, '147', 'on'),
(249, 5, 1, '148', 'on'),
(250, 5, 1, '149', 'on'),
(251, 5, 1, '150', 'on'),
(252, 5, 1, '151', 'on'),
(253, 5, 1, '152', 'on'),
(254, 5, 1, '153', 'on'),
(255, 5, 1, '154', 'on'),
(256, 5, 1, '155', 'on'),
(257, 5, 1, '156', 'on'),
(258, 5, 1, '157', 'on'),
(259, 5, 1, '158', 'on'),
(260, 5, 1, '159', 'on'),
(261, 5, 1, '160', 'on'),
(262, 5, 1, '161', 'on'),
(263, 5, 1, '162', 'on'),
(264, 5, 1, '163', 'on'),
(265, 5, 1, '164', 'on'),
(266, 5, 1, '165', 'on'),
(267, 5, 1, '166', 'on'),
(268, 5, 1, '167', 'on'),
(269, 5, 1, '168', 'on'),
(270, 5, 1, '169', 'on'),
(271, 5, 1, '170', 'on'),
(272, 5, 1, '171', 'on'),
(273, 5, 1, '172', 'on'),
(274, 5, 1, '173', 'on'),
(275, 5, 1, '174', 'on'),
(276, 5, 1, '175', 'on'),
(277, 5, 1, '176', 'on'),
(278, 5, 1, '177', 'on'),
(279, 5, 1, '178', 'on'),
(280, 5, 1, '179', 'on'),
(281, 5, 1, '180', 'on'),
(282, 5, 1, '181', 'on'),
(283, 5, 1, '182', 'on'),
(284, 5, 1, '183', 'on'),
(285, 5, 1, '184', 'on'),
(286, 5, 1, '185', 'on'),
(287, 5, 1, '186', 'on'),
(288, 5, 1, '187', 'on'),
(289, 5, 1, '188', 'on'),
(290, 5, 1, '189', 'on'),
(291, 5, 1, '190', 'on'),
(292, 5, 1, '191', 'on'),
(293, 5, 1, '192', 'on'),
(294, 5, 1, '193', 'on'),
(295, 5, 1, '194', 'on'),
(296, 5, 1, '195', 'on'),
(297, 5, 1, '196', 'on'),
(298, 5, 1, '197', 'on'),
(299, 5, 1, '198', 'on'),
(300, 5, 1, '199', 'on'),
(301, 6, 1, '100', 'on'),
(302, 6, 1, '101', 'on'),
(303, 6, 1, '102', 'on'),
(304, 6, 1, '103', 'on'),
(305, 6, 1, '104', 'on'),
(306, 6, 1, '105', 'on'),
(307, 6, 1, '106', 'on'),
(308, 6, 1, '107', 'on'),
(309, 6, 1, '108', 'on'),
(310, 6, 1, '109', 'on'),
(311, 6, 1, '110', 'on'),
(312, 6, 1, '111', 'on'),
(313, 6, 1, '112', 'on'),
(314, 6, 1, '113', 'on'),
(315, 6, 1, '114', 'on'),
(316, 6, 1, '115', 'on'),
(317, 6, 1, '116', 'on'),
(318, 6, 1, '117', 'on'),
(319, 6, 1, '118', 'on'),
(320, 6, 1, '119', 'on'),
(321, 6, 1, '120', 'on'),
(322, 6, 1, '121', 'on'),
(323, 6, 1, '122', 'on'),
(324, 6, 1, '123', 'on'),
(325, 6, 1, '124', 'on'),
(326, 6, 1, '125', 'on'),
(327, 6, 1, '126', 'on'),
(328, 6, 1, '127', 'on'),
(329, 6, 1, '128', 'on'),
(330, 6, 1, '129', 'on'),
(331, 6, 1, '130', 'on'),
(332, 6, 1, '131', 'on'),
(333, 6, 1, '132', 'on'),
(334, 6, 1, '133', 'on'),
(335, 6, 1, '134', 'on'),
(336, 6, 1, '135', 'on'),
(337, 6, 1, '136', 'on'),
(338, 6, 1, '137', 'on'),
(339, 6, 1, '138', 'on'),
(340, 6, 1, '139', 'on'),
(341, 6, 1, '140', 'on'),
(342, 6, 1, '141', 'on'),
(343, 6, 1, '142', 'on'),
(344, 6, 1, '143', 'on'),
(345, 6, 1, '144', 'on'),
(346, 6, 1, '145', 'on'),
(347, 6, 1, '146', 'on'),
(348, 6, 1, '147', 'on'),
(349, 6, 1, '148', 'on'),
(350, 6, 1, '149', 'on'),
(351, 6, 1, '150', 'on'),
(352, 6, 1, '151', 'on'),
(353, 6, 1, '152', 'on'),
(354, 6, 1, '153', 'on'),
(355, 6, 1, '154', 'on'),
(356, 6, 1, '155', 'on'),
(357, 6, 1, '156', 'on'),
(358, 6, 1, '157', 'on'),
(359, 6, 1, '158', 'on'),
(360, 6, 1, '159', 'on'),
(361, 6, 1, '160', 'on'),
(362, 6, 1, '161', 'on'),
(363, 6, 1, '162', 'on'),
(364, 6, 1, '163', 'on'),
(365, 6, 1, '164', 'on'),
(366, 6, 1, '165', 'on'),
(367, 6, 1, '166', 'on'),
(368, 6, 1, '167', 'on'),
(369, 6, 1, '168', 'on'),
(370, 6, 1, '169', 'on'),
(371, 6, 1, '170', 'on'),
(372, 6, 1, '171', 'on'),
(373, 6, 1, '172', 'on'),
(374, 6, 1, '173', 'on'),
(375, 6, 1, '174', 'on'),
(376, 6, 1, '175', 'on'),
(377, 6, 1, '176', 'on'),
(378, 6, 1, '177', 'on'),
(379, 6, 1, '178', 'on'),
(380, 6, 1, '179', 'on'),
(381, 6, 1, '180', 'on'),
(382, 6, 1, '181', 'on'),
(383, 6, 1, '182', 'on'),
(384, 6, 1, '183', 'on'),
(385, 6, 1, '184', 'on'),
(386, 6, 1, '185', 'on'),
(387, 6, 1, '186', 'on'),
(388, 6, 1, '187', 'on'),
(389, 6, 1, '188', 'on'),
(390, 6, 1, '189', 'on'),
(391, 6, 1, '190', 'on'),
(392, 6, 1, '191', 'on'),
(393, 6, 1, '192', 'on'),
(394, 6, 1, '193', 'on'),
(395, 6, 1, '194', 'on'),
(396, 6, 1, '195', 'on'),
(397, 6, 1, '196', 'on'),
(398, 6, 1, '197', 'on'),
(399, 6, 1, '198', 'on'),
(400, 6, 1, '199', 'on'),
(401, 7, 1, '100', 'on'),
(402, 7, 1, '101', 'on'),
(403, 7, 1, '102', 'on'),
(404, 7, 1, '103', 'on'),
(405, 7, 1, '104', 'on'),
(406, 7, 1, '105', 'on'),
(407, 7, 1, '106', 'on'),
(408, 7, 1, '107', 'on'),
(409, 7, 1, '108', 'on'),
(410, 7, 1, '109', 'on'),
(411, 7, 1, '110', 'on'),
(412, 7, 1, '111', 'on'),
(413, 7, 1, '112', 'on'),
(414, 7, 1, '113', 'on'),
(415, 7, 1, '114', 'on'),
(416, 7, 1, '115', 'on'),
(417, 7, 1, '116', 'on'),
(418, 7, 1, '117', 'on'),
(419, 7, 1, '118', 'on'),
(420, 7, 1, '119', 'on'),
(421, 7, 1, '120', 'on'),
(422, 7, 1, '121', 'on'),
(423, 7, 1, '122', 'on'),
(424, 7, 1, '123', 'on'),
(425, 7, 1, '124', 'on'),
(426, 7, 1, '125', 'on'),
(427, 7, 1, '126', 'on'),
(428, 7, 1, '127', 'on'),
(429, 7, 1, '128', 'on'),
(430, 7, 1, '129', 'on'),
(431, 7, 1, '130', 'on'),
(432, 7, 1, '131', 'on'),
(433, 7, 1, '132', 'on'),
(434, 7, 1, '133', 'on'),
(435, 7, 1, '134', 'on'),
(436, 7, 1, '135', 'on'),
(437, 7, 1, '136', 'on'),
(438, 7, 1, '137', 'on'),
(439, 7, 1, '138', 'on'),
(440, 7, 1, '139', 'on'),
(441, 7, 1, '140', 'on'),
(442, 7, 1, '141', 'on'),
(443, 7, 1, '142', 'on'),
(444, 7, 1, '143', 'on'),
(445, 7, 1, '144', 'on'),
(446, 7, 1, '145', 'on'),
(447, 7, 1, '146', 'on'),
(448, 7, 1, '147', 'on'),
(449, 7, 1, '148', 'on'),
(450, 7, 1, '149', 'on'),
(451, 7, 1, '150', 'on'),
(452, 7, 1, '151', 'on'),
(453, 7, 1, '152', 'on'),
(454, 7, 1, '153', 'on'),
(455, 7, 1, '154', 'on'),
(456, 7, 1, '155', 'on'),
(457, 7, 1, '156', 'on'),
(458, 7, 1, '157', 'on'),
(459, 7, 1, '158', 'on'),
(460, 7, 1, '159', 'on'),
(461, 7, 1, '160', 'on'),
(462, 7, 1, '161', 'on'),
(463, 7, 1, '162', 'on'),
(464, 7, 1, '163', 'on'),
(465, 7, 1, '164', 'on'),
(466, 7, 1, '165', 'on'),
(467, 7, 1, '166', 'on'),
(468, 7, 1, '167', 'on'),
(469, 7, 1, '168', 'on'),
(470, 7, 1, '169', 'on'),
(471, 7, 1, '170', 'on'),
(472, 7, 1, '171', 'on'),
(473, 7, 1, '172', 'on'),
(474, 7, 1, '173', 'on'),
(475, 7, 1, '174', 'on'),
(476, 7, 1, '175', 'on'),
(477, 7, 1, '176', 'on'),
(478, 7, 1, '177', 'on'),
(479, 7, 1, '178', 'on'),
(480, 7, 1, '179', 'on'),
(481, 7, 1, '180', 'on'),
(482, 7, 1, '181', 'on'),
(483, 7, 1, '182', 'on'),
(484, 7, 1, '183', 'on'),
(485, 7, 1, '184', 'on'),
(486, 7, 1, '185', 'on'),
(487, 7, 1, '186', 'on'),
(488, 7, 1, '187', 'on'),
(489, 7, 1, '188', 'on'),
(490, 7, 1, '189', 'on'),
(491, 7, 1, '190', 'on'),
(492, 7, 1, '191', 'on'),
(493, 7, 1, '192', 'on'),
(494, 7, 1, '193', 'on'),
(495, 7, 1, '194', 'on'),
(496, 7, 1, '195', 'on'),
(497, 7, 1, '196', 'on'),
(498, 7, 1, '197', 'on'),
(499, 7, 1, '198', 'on'),
(500, 7, 1, '199', 'on'),
(501, 8, 1, '100', 'on'),
(502, 8, 1, '101', 'on'),
(503, 8, 1, '102', 'on'),
(504, 8, 1, '103', 'on'),
(505, 8, 1, '104', 'on'),
(506, 8, 1, '105', 'on'),
(507, 8, 1, '106', 'on'),
(508, 8, 1, '107', 'on'),
(509, 8, 1, '108', 'on'),
(510, 8, 1, '109', 'on'),
(511, 8, 1, '110', 'on'),
(512, 8, 1, '111', 'on'),
(513, 8, 1, '112', 'on'),
(514, 8, 1, '113', 'on'),
(515, 8, 1, '114', 'on'),
(516, 8, 1, '115', 'on'),
(517, 8, 1, '116', 'on'),
(518, 8, 1, '117', 'on'),
(519, 8, 1, '118', 'on'),
(520, 8, 1, '119', 'on'),
(521, 8, 1, '120', 'on'),
(522, 8, 1, '121', 'on'),
(523, 8, 1, '122', 'on'),
(524, 8, 1, '123', 'on'),
(525, 8, 1, '124', 'on'),
(526, 8, 1, '125', 'on'),
(527, 8, 1, '126', 'on'),
(528, 8, 1, '127', 'on'),
(529, 8, 1, '128', 'on'),
(530, 8, 1, '129', 'on'),
(531, 8, 1, '130', 'on'),
(532, 8, 1, '131', 'on'),
(533, 8, 1, '132', 'on'),
(534, 8, 1, '133', 'on'),
(535, 8, 1, '134', 'on'),
(536, 8, 1, '135', 'on'),
(537, 8, 1, '136', 'on'),
(538, 8, 1, '137', 'on'),
(539, 8, 1, '138', 'on'),
(540, 8, 1, '139', 'on'),
(541, 8, 1, '140', 'on'),
(542, 8, 1, '141', 'on'),
(543, 8, 1, '142', 'on'),
(544, 8, 1, '143', 'on'),
(545, 8, 1, '144', 'on'),
(546, 8, 1, '145', 'on'),
(547, 8, 1, '146', 'on'),
(548, 8, 1, '147', 'on'),
(549, 8, 1, '148', 'on'),
(550, 8, 1, '149', 'on'),
(551, 8, 1, '150', 'on'),
(552, 8, 1, '151', 'on'),
(553, 8, 1, '152', 'on'),
(554, 8, 1, '153', 'on'),
(555, 8, 1, '154', 'on'),
(556, 8, 1, '155', 'on'),
(557, 8, 1, '156', 'on'),
(558, 8, 1, '157', 'on'),
(559, 8, 1, '158', 'on'),
(560, 8, 1, '159', 'on'),
(561, 8, 1, '160', 'on'),
(562, 8, 1, '161', 'on'),
(563, 8, 1, '162', 'on'),
(564, 8, 1, '163', 'on'),
(565, 8, 1, '164', 'on'),
(566, 8, 1, '165', 'on'),
(567, 8, 1, '166', 'on'),
(568, 8, 1, '167', 'on'),
(569, 8, 1, '168', 'on'),
(570, 8, 1, '169', 'on'),
(571, 8, 1, '170', 'on'),
(572, 8, 1, '171', 'on'),
(573, 8, 1, '172', 'on'),
(574, 8, 1, '173', 'on'),
(575, 8, 1, '174', 'on'),
(576, 8, 1, '175', 'on'),
(577, 8, 1, '176', 'on'),
(578, 8, 1, '177', 'on'),
(579, 8, 1, '178', 'on'),
(580, 8, 1, '179', 'on'),
(581, 8, 1, '180', 'on'),
(582, 8, 1, '181', 'on'),
(583, 8, 1, '182', 'on'),
(584, 8, 1, '183', 'on'),
(585, 8, 1, '184', 'on'),
(586, 8, 1, '185', 'on'),
(587, 8, 1, '186', 'on'),
(588, 8, 1, '187', 'on'),
(589, 8, 1, '188', 'on'),
(590, 8, 1, '189', 'on'),
(591, 8, 1, '190', 'on'),
(592, 8, 1, '191', 'on'),
(593, 8, 1, '192', 'on'),
(594, 8, 1, '193', 'on'),
(595, 8, 1, '194', 'on'),
(596, 8, 1, '195', 'on'),
(597, 8, 1, '196', 'on'),
(598, 8, 1, '197', 'on'),
(599, 8, 1, '198', 'on'),
(600, 8, 1, '199', 'on'),
(601, 9, 1, '100', 'on'),
(602, 9, 1, '101', 'on'),
(603, 9, 1, '102', 'on'),
(604, 9, 1, '103', 'on'),
(605, 9, 1, '104', 'on'),
(606, 9, 1, '105', 'on'),
(607, 9, 1, '106', 'on'),
(608, 9, 1, '107', 'on'),
(609, 9, 1, '108', 'on'),
(610, 9, 1, '109', 'on'),
(611, 9, 1, '110', 'on'),
(612, 9, 1, '111', 'on'),
(613, 9, 1, '112', 'on'),
(614, 9, 1, '113', 'on'),
(615, 9, 1, '114', 'on'),
(616, 9, 1, '115', 'on'),
(617, 9, 1, '116', 'on'),
(618, 9, 1, '117', 'on'),
(619, 9, 1, '118', 'on'),
(620, 9, 1, '119', 'on'),
(621, 9, 1, '120', 'on'),
(622, 9, 1, '121', 'on'),
(623, 9, 1, '122', 'on'),
(624, 9, 1, '123', 'on'),
(625, 9, 1, '124', 'on'),
(626, 9, 1, '125', 'on'),
(627, 9, 1, '126', 'on'),
(628, 9, 1, '127', 'on'),
(629, 9, 1, '128', 'on'),
(630, 9, 1, '129', 'on'),
(631, 9, 1, '130', 'on'),
(632, 9, 1, '131', 'on'),
(633, 9, 1, '132', 'on'),
(634, 9, 1, '133', 'on'),
(635, 9, 1, '134', 'on'),
(636, 9, 1, '135', 'on'),
(637, 9, 1, '136', 'on'),
(638, 9, 1, '137', 'on'),
(639, 9, 1, '138', 'on'),
(640, 9, 1, '139', 'on'),
(641, 9, 1, '140', 'on'),
(642, 9, 1, '141', 'on'),
(643, 9, 1, '142', 'on'),
(644, 9, 1, '143', 'on'),
(645, 9, 1, '144', 'on'),
(646, 9, 1, '145', 'on'),
(647, 9, 1, '146', 'on'),
(648, 9, 1, '147', 'on'),
(649, 9, 1, '148', 'on'),
(650, 9, 1, '149', 'on'),
(651, 9, 1, '150', 'on'),
(652, 9, 1, '151', 'on'),
(653, 9, 1, '152', 'on'),
(654, 9, 1, '153', 'on'),
(655, 9, 1, '154', 'on'),
(656, 9, 1, '155', 'on'),
(657, 9, 1, '156', 'on'),
(658, 9, 1, '157', 'on'),
(659, 9, 1, '158', 'on'),
(660, 9, 1, '159', 'on'),
(661, 9, 1, '160', 'on'),
(662, 9, 1, '161', 'on'),
(663, 9, 1, '162', 'on'),
(664, 9, 1, '163', 'on'),
(665, 9, 1, '164', 'on'),
(666, 9, 1, '165', 'on'),
(667, 9, 1, '166', 'on'),
(668, 9, 1, '167', 'on'),
(669, 9, 1, '168', 'on'),
(670, 9, 1, '169', 'on'),
(671, 9, 1, '170', 'on'),
(672, 9, 1, '171', 'on'),
(673, 9, 1, '172', 'on'),
(674, 9, 1, '173', 'on'),
(675, 9, 1, '174', 'on'),
(676, 9, 1, '175', 'on'),
(677, 9, 1, '176', 'on'),
(678, 9, 1, '177', 'on'),
(679, 9, 1, '178', 'on'),
(680, 9, 1, '179', 'on'),
(681, 9, 1, '180', 'on'),
(682, 9, 1, '181', 'on'),
(683, 9, 1, '182', 'on'),
(684, 9, 1, '183', 'on'),
(685, 9, 1, '184', 'on'),
(686, 9, 1, '185', 'on'),
(687, 9, 1, '186', 'on'),
(688, 9, 1, '187', 'on'),
(689, 9, 1, '188', 'on'),
(690, 9, 1, '189', 'on'),
(691, 9, 1, '190', 'on'),
(692, 9, 1, '191', 'on'),
(693, 9, 1, '192', 'on'),
(694, 9, 1, '193', 'on'),
(695, 9, 1, '194', 'on'),
(696, 9, 1, '195', 'on'),
(697, 9, 1, '196', 'on'),
(698, 9, 1, '197', 'on'),
(699, 9, 1, '198', 'on'),
(700, 9, 1, '199', 'on'),
(701, 10, 1, '100', 'on'),
(702, 10, 1, '101', 'on'),
(703, 10, 1, '102', 'on'),
(704, 10, 1, '103', 'on'),
(705, 10, 1, '104', 'on'),
(706, 10, 1, '105', 'on'),
(707, 10, 1, '106', 'on'),
(708, 10, 1, '107', 'on'),
(709, 10, 1, '108', 'on'),
(710, 10, 1, '109', 'on'),
(711, 10, 1, '110', 'on'),
(712, 10, 1, '111', 'on'),
(713, 10, 1, '112', 'on'),
(714, 10, 1, '113', 'on'),
(715, 10, 1, '114', 'on'),
(716, 10, 1, '115', 'on'),
(717, 10, 1, '116', 'on'),
(718, 10, 1, '117', 'on'),
(719, 10, 1, '118', 'on'),
(720, 10, 1, '119', 'on'),
(721, 10, 1, '120', 'on'),
(722, 10, 1, '121', 'on'),
(723, 10, 1, '122', 'on'),
(724, 10, 1, '123', 'on'),
(725, 10, 1, '124', 'on'),
(726, 10, 1, '125', 'on'),
(727, 10, 1, '126', 'on'),
(728, 10, 1, '127', 'on'),
(729, 10, 1, '128', 'on'),
(730, 10, 1, '129', 'on'),
(731, 10, 1, '130', 'on'),
(732, 10, 1, '131', 'on'),
(733, 10, 1, '132', 'on'),
(734, 10, 1, '133', 'on'),
(735, 10, 1, '134', 'on'),
(736, 10, 1, '135', 'on'),
(737, 10, 1, '136', 'on'),
(738, 10, 1, '137', 'on'),
(739, 10, 1, '138', 'on'),
(740, 10, 1, '139', 'on'),
(741, 10, 1, '140', 'on'),
(742, 10, 1, '141', 'on'),
(743, 10, 1, '142', 'on'),
(744, 10, 1, '143', 'on'),
(745, 10, 1, '144', 'on'),
(746, 10, 1, '145', 'on'),
(747, 10, 1, '146', 'on'),
(748, 10, 1, '147', 'on'),
(749, 10, 1, '148', 'on'),
(750, 10, 1, '149', 'on'),
(751, 10, 1, '150', 'on'),
(752, 10, 1, '151', 'on'),
(753, 10, 1, '152', 'on'),
(754, 10, 1, '153', 'on'),
(755, 10, 1, '154', 'on'),
(756, 10, 1, '155', 'on'),
(757, 10, 1, '156', 'on'),
(758, 10, 1, '157', 'on'),
(759, 10, 1, '158', 'on'),
(760, 10, 1, '159', 'on'),
(761, 10, 1, '160', 'on'),
(762, 10, 1, '161', 'on'),
(763, 10, 1, '162', 'on'),
(764, 10, 1, '163', 'on'),
(765, 10, 1, '164', 'on'),
(766, 10, 1, '165', 'on'),
(767, 10, 1, '166', 'on'),
(768, 10, 1, '167', 'on'),
(769, 10, 1, '168', 'on'),
(770, 10, 1, '169', 'on'),
(771, 10, 1, '170', 'on'),
(772, 10, 1, '171', 'on'),
(773, 10, 1, '172', 'on'),
(774, 10, 1, '173', 'on'),
(775, 10, 1, '174', 'on'),
(776, 10, 1, '175', 'on'),
(777, 10, 1, '176', 'on'),
(778, 10, 1, '177', 'on'),
(779, 10, 1, '178', 'on'),
(780, 10, 1, '179', 'on'),
(781, 10, 1, '180', 'on'),
(782, 10, 1, '181', 'on'),
(783, 10, 1, '182', 'on'),
(784, 10, 1, '183', 'on'),
(785, 10, 1, '184', 'on'),
(786, 10, 1, '185', 'on'),
(787, 10, 1, '186', 'on'),
(788, 10, 1, '187', 'on'),
(789, 10, 1, '188', 'on'),
(790, 10, 1, '189', 'on'),
(791, 10, 1, '190', 'on'),
(792, 10, 1, '191', 'on'),
(793, 10, 1, '192', 'on'),
(794, 10, 1, '193', 'on'),
(795, 10, 1, '194', 'on'),
(796, 10, 1, '195', 'on'),
(797, 10, 1, '196', 'on'),
(798, 10, 1, '197', 'on'),
(799, 10, 1, '198', 'on'),
(800, 10, 1, '199', 'on'),
(801, 11, 1, '100', 'on'),
(802, 11, 1, '101', 'on'),
(803, 11, 1, '102', 'on'),
(804, 11, 1, '103', 'on'),
(805, 11, 1, '104', 'on'),
(806, 11, 1, '105', 'on'),
(807, 11, 1, '106', 'on'),
(808, 11, 1, '107', 'on'),
(809, 11, 1, '108', 'on'),
(810, 11, 1, '109', 'on'),
(811, 11, 1, '110', 'on'),
(812, 11, 1, '111', 'on'),
(813, 11, 1, '112', 'on'),
(814, 11, 1, '113', 'on'),
(815, 11, 1, '114', 'on'),
(816, 11, 1, '115', 'on'),
(817, 11, 1, '116', 'on'),
(818, 11, 1, '117', 'on'),
(819, 11, 1, '118', 'on'),
(820, 11, 1, '119', 'on'),
(821, 11, 1, '120', 'on'),
(822, 11, 1, '121', 'on'),
(823, 11, 1, '122', 'on'),
(824, 11, 1, '123', 'on'),
(825, 11, 1, '124', 'on'),
(826, 11, 1, '125', 'on'),
(827, 11, 1, '126', 'on'),
(828, 11, 1, '127', 'on'),
(829, 11, 1, '128', 'on'),
(830, 11, 1, '129', 'on'),
(831, 11, 1, '130', 'on'),
(832, 11, 1, '131', 'on'),
(833, 11, 1, '132', 'on'),
(834, 11, 1, '133', 'on'),
(835, 11, 1, '134', 'on'),
(836, 11, 1, '135', 'on'),
(837, 11, 1, '136', 'on'),
(838, 11, 1, '137', 'on'),
(839, 11, 1, '138', 'on'),
(840, 11, 1, '139', 'on'),
(841, 11, 1, '140', 'on'),
(842, 11, 1, '141', 'on'),
(843, 11, 1, '142', 'on'),
(844, 11, 1, '143', 'on'),
(845, 11, 1, '144', 'on'),
(846, 11, 1, '145', 'on'),
(847, 11, 1, '146', 'on'),
(848, 11, 1, '147', 'on'),
(849, 11, 1, '148', 'on'),
(850, 11, 1, '149', 'on'),
(851, 11, 1, '150', 'on'),
(852, 11, 1, '151', 'on'),
(853, 11, 1, '152', 'on'),
(854, 11, 1, '153', 'on'),
(855, 11, 1, '154', 'on'),
(856, 11, 1, '155', 'on'),
(857, 11, 1, '156', 'on'),
(858, 11, 1, '157', 'on'),
(859, 11, 1, '158', 'on'),
(860, 11, 1, '159', 'on'),
(861, 11, 1, '160', 'on'),
(862, 11, 1, '161', 'on'),
(863, 11, 1, '162', 'on'),
(864, 11, 1, '163', 'on'),
(865, 11, 1, '164', 'on'),
(866, 11, 1, '165', 'on'),
(867, 11, 1, '166', 'on'),
(868, 11, 1, '167', 'on'),
(869, 11, 1, '168', 'on'),
(870, 11, 1, '169', 'on'),
(871, 11, 1, '170', 'on'),
(872, 11, 1, '171', 'on'),
(873, 11, 1, '172', 'on'),
(874, 11, 1, '173', 'on'),
(875, 11, 1, '174', 'on'),
(876, 11, 1, '175', 'on'),
(877, 11, 1, '176', 'on'),
(878, 11, 1, '177', 'on'),
(879, 11, 1, '178', 'on'),
(880, 11, 1, '179', 'on'),
(881, 11, 1, '180', 'on'),
(882, 11, 1, '181', 'on'),
(883, 11, 1, '182', 'on'),
(884, 11, 1, '183', 'on'),
(885, 11, 1, '184', 'on'),
(886, 11, 1, '185', 'on'),
(887, 11, 1, '186', 'on'),
(888, 11, 1, '187', 'on'),
(889, 11, 1, '188', 'on'),
(890, 11, 1, '189', 'on'),
(891, 11, 1, '190', 'on'),
(892, 11, 1, '191', 'on'),
(893, 11, 1, '192', 'on'),
(894, 11, 1, '193', 'on'),
(895, 11, 1, '194', 'on'),
(896, 11, 1, '195', 'on'),
(897, 11, 1, '196', 'on'),
(898, 11, 1, '197', 'on'),
(899, 11, 1, '198', 'on'),
(900, 11, 1, '199', 'on'),
(901, 3, 2, '200', 'on'),
(902, 3, 2, '201', 'on'),
(903, 3, 2, '202', 'on'),
(904, 3, 2, '203', 'on'),
(905, 3, 2, '204', 'on'),
(906, 3, 2, '205', 'on'),
(907, 3, 2, '206', 'on'),
(908, 3, 2, '207', 'on'),
(909, 3, 2, '208', 'on'),
(910, 3, 2, '209', 'on'),
(911, 3, 2, '210', 'on'),
(912, 3, 2, '211', 'on'),
(913, 3, 2, '212', 'on'),
(914, 3, 2, '213', 'on'),
(915, 3, 2, '214', 'on'),
(916, 3, 2, '215', 'on'),
(917, 3, 2, '216', 'on'),
(918, 3, 2, '217', 'on'),
(919, 3, 2, '218', 'on'),
(920, 3, 2, '219', 'on'),
(921, 3, 2, '220', 'on'),
(922, 3, 2, '221', 'on'),
(923, 3, 2, '222', 'on'),
(924, 3, 2, '223', 'on'),
(925, 3, 2, '224', 'on'),
(926, 3, 2, '225', 'on'),
(927, 3, 2, '226', 'on'),
(928, 3, 2, '227', 'on'),
(929, 3, 2, '228', 'on'),
(930, 3, 2, '229', 'on'),
(931, 3, 2, '230', 'on'),
(932, 3, 2, '231', 'on'),
(933, 3, 2, '232', 'on'),
(934, 3, 2, '233', 'on'),
(935, 3, 2, '234', 'on'),
(936, 3, 2, '235', 'on'),
(937, 3, 2, '236', 'on'),
(938, 3, 2, '237', 'on'),
(939, 3, 2, '238', 'on'),
(940, 3, 2, '239', 'on'),
(941, 3, 2, '240', 'on'),
(942, 3, 2, '241', 'on'),
(943, 3, 2, '242', 'on'),
(944, 3, 2, '243', 'on'),
(945, 3, 2, '244', 'on'),
(946, 3, 2, '245', 'on'),
(947, 3, 2, '246', 'on'),
(948, 3, 2, '247', 'on'),
(949, 3, 2, '248', 'on'),
(950, 3, 2, '249', 'on'),
(951, 3, 2, '250', 'on'),
(952, 3, 2, '251', 'on'),
(953, 3, 2, '252', 'on'),
(954, 3, 2, '253', 'on'),
(955, 3, 2, '254', 'on'),
(956, 3, 2, '255', 'on'),
(957, 3, 2, '256', 'on'),
(958, 3, 2, '257', 'on'),
(959, 3, 2, '258', 'on'),
(960, 3, 2, '259', 'on'),
(961, 3, 2, '260', 'on'),
(962, 3, 2, '261', 'on'),
(963, 3, 2, '262', 'on'),
(964, 3, 2, '263', 'on'),
(965, 3, 2, '264', 'on'),
(966, 3, 2, '265', 'on'),
(967, 3, 2, '266', 'on'),
(968, 3, 2, '267', 'on'),
(969, 3, 2, '268', 'on'),
(970, 3, 2, '269', 'on'),
(971, 3, 2, '270', 'on'),
(972, 3, 2, '271', 'on'),
(973, 3, 2, '272', 'on'),
(974, 3, 2, '273', 'on'),
(975, 3, 2, '274', 'on'),
(976, 3, 2, '275', 'on'),
(977, 3, 2, '276', 'on'),
(978, 3, 2, '277', 'on'),
(979, 3, 2, '278', 'on'),
(980, 3, 2, '279', 'on'),
(981, 3, 2, '280', 'on'),
(982, 3, 2, '281', 'on'),
(983, 3, 2, '282', 'on'),
(984, 3, 2, '283', 'on'),
(985, 3, 2, '284', 'on'),
(986, 3, 2, '285', 'on'),
(987, 3, 2, '286', 'on'),
(988, 3, 2, '287', 'on'),
(989, 3, 2, '288', 'on'),
(990, 3, 2, '289', 'on'),
(991, 3, 2, '290', 'on'),
(992, 3, 2, '291', 'on'),
(993, 3, 2, '292', 'on'),
(994, 3, 2, '293', 'on'),
(995, 3, 2, '294', 'on'),
(996, 3, 2, '295', 'on'),
(997, 3, 2, '296', 'on'),
(998, 3, 2, '297', 'on'),
(999, 3, 2, '298', 'on'),
(1000, 3, 2, '299', 'on'),
(1001, 4, 2, '200', 'on'),
(1002, 4, 2, '201', 'on'),
(1003, 4, 2, '202', 'on'),
(1004, 4, 2, '203', 'on'),
(1005, 4, 2, '204', 'on'),
(1006, 4, 2, '205', 'on'),
(1007, 4, 2, '206', 'on'),
(1008, 4, 2, '207', 'on'),
(1009, 4, 2, '208', 'on'),
(1010, 4, 2, '209', 'on'),
(1011, 4, 2, '210', 'on'),
(1012, 4, 2, '211', 'on'),
(1013, 4, 2, '212', 'on'),
(1014, 4, 2, '213', 'on'),
(1015, 4, 2, '214', 'on'),
(1016, 4, 2, '215', 'on'),
(1017, 4, 2, '216', 'on'),
(1018, 4, 2, '217', 'on'),
(1019, 4, 2, '218', 'on'),
(1020, 4, 2, '219', 'on'),
(1021, 4, 2, '220', 'on'),
(1022, 4, 2, '221', 'on'),
(1023, 4, 2, '222', 'on'),
(1024, 4, 2, '223', 'on'),
(1025, 4, 2, '224', 'on'),
(1026, 4, 2, '225', 'on'),
(1027, 4, 2, '226', 'on'),
(1028, 4, 2, '227', 'on'),
(1029, 4, 2, '228', 'on'),
(1030, 4, 2, '229', 'on'),
(1031, 4, 2, '230', 'on'),
(1032, 4, 2, '231', 'on'),
(1033, 4, 2, '232', 'on'),
(1034, 4, 2, '233', 'on'),
(1035, 4, 2, '234', 'on'),
(1036, 4, 2, '235', 'on'),
(1037, 4, 2, '236', 'on'),
(1038, 4, 2, '237', 'on'),
(1039, 4, 2, '238', 'on'),
(1040, 4, 2, '239', 'on'),
(1041, 4, 2, '240', 'on'),
(1042, 4, 2, '241', 'on'),
(1043, 4, 2, '242', 'on'),
(1044, 4, 2, '243', 'on'),
(1045, 4, 2, '244', 'on'),
(1046, 4, 2, '245', 'on'),
(1047, 4, 2, '246', 'on'),
(1048, 4, 2, '247', 'on'),
(1049, 4, 2, '248', 'on'),
(1050, 4, 2, '249', 'on'),
(1051, 4, 2, '250', 'on'),
(1052, 4, 2, '251', 'on'),
(1053, 4, 2, '252', 'on'),
(1054, 4, 2, '253', 'on'),
(1055, 4, 2, '254', 'on'),
(1056, 4, 2, '255', 'on'),
(1057, 4, 2, '256', 'on'),
(1058, 4, 2, '257', 'on'),
(1059, 4, 2, '258', 'on'),
(1060, 4, 2, '259', 'on'),
(1061, 4, 2, '260', 'on'),
(1062, 4, 2, '261', 'on'),
(1063, 4, 2, '262', 'on'),
(1064, 4, 2, '263', 'on'),
(1065, 4, 2, '264', 'on'),
(1066, 4, 2, '265', 'on'),
(1067, 4, 2, '266', 'on'),
(1068, 4, 2, '267', 'on'),
(1069, 4, 2, '268', 'on'),
(1070, 4, 2, '269', 'on'),
(1071, 4, 2, '270', 'on'),
(1072, 4, 2, '271', 'on'),
(1073, 4, 2, '272', 'on'),
(1074, 4, 2, '273', 'on'),
(1075, 4, 2, '274', 'on'),
(1076, 4, 2, '275', 'on'),
(1077, 4, 2, '276', 'on'),
(1078, 4, 2, '277', 'on'),
(1079, 4, 2, '278', 'on'),
(1080, 4, 2, '279', 'on'),
(1081, 4, 2, '280', 'on'),
(1082, 4, 2, '281', 'on'),
(1083, 4, 2, '282', 'on'),
(1084, 4, 2, '283', 'on'),
(1085, 4, 2, '284', 'on'),
(1086, 4, 2, '285', 'on'),
(1087, 4, 2, '286', 'on'),
(1088, 4, 2, '287', 'on'),
(1089, 4, 2, '288', 'on'),
(1090, 4, 2, '289', 'on'),
(1091, 4, 2, '290', 'on'),
(1092, 4, 2, '291', 'on'),
(1093, 4, 2, '292', 'on'),
(1094, 4, 2, '293', 'on'),
(1095, 4, 2, '294', 'on'),
(1096, 4, 2, '295', 'on'),
(1097, 4, 2, '296', 'on'),
(1098, 4, 2, '297', 'on'),
(1099, 4, 2, '298', 'on'),
(1100, 4, 2, '299', 'on'),
(1101, 5, 2, '200', 'on'),
(1102, 5, 2, '201', 'on'),
(1103, 5, 2, '202', 'on'),
(1104, 5, 2, '203', 'on'),
(1105, 5, 2, '204', 'on'),
(1106, 5, 2, '205', 'on'),
(1107, 5, 2, '206', 'on'),
(1108, 5, 2, '207', 'on'),
(1109, 5, 2, '208', 'on'),
(1110, 5, 2, '209', 'on'),
(1111, 5, 2, '210', 'on'),
(1112, 5, 2, '211', 'on'),
(1113, 5, 2, '212', 'on'),
(1114, 5, 2, '213', 'on'),
(1115, 5, 2, '214', 'on'),
(1116, 5, 2, '215', 'on'),
(1117, 5, 2, '216', 'on'),
(1118, 5, 2, '217', 'on'),
(1119, 5, 2, '218', 'on'),
(1120, 5, 2, '219', 'on'),
(1121, 5, 2, '220', 'on'),
(1122, 5, 2, '221', 'on'),
(1123, 5, 2, '222', 'on'),
(1124, 5, 2, '223', 'on'),
(1125, 5, 2, '224', 'on'),
(1126, 5, 2, '225', 'on'),
(1127, 5, 2, '226', 'on'),
(1128, 5, 2, '227', 'on'),
(1129, 5, 2, '228', 'on'),
(1130, 5, 2, '229', 'on'),
(1131, 5, 2, '230', 'on'),
(1132, 5, 2, '231', 'on'),
(1133, 5, 2, '232', 'on'),
(1134, 5, 2, '233', 'on'),
(1135, 5, 2, '234', 'on'),
(1136, 5, 2, '235', 'on'),
(1137, 5, 2, '236', 'on'),
(1138, 5, 2, '237', 'on'),
(1139, 5, 2, '238', 'on'),
(1140, 5, 2, '239', 'on'),
(1141, 5, 2, '240', 'on'),
(1142, 5, 2, '241', 'on'),
(1143, 5, 2, '242', 'on'),
(1144, 5, 2, '243', 'on'),
(1145, 5, 2, '244', 'on'),
(1146, 5, 2, '245', 'on'),
(1147, 5, 2, '246', 'on'),
(1148, 5, 2, '247', 'on'),
(1149, 5, 2, '248', 'on'),
(1150, 5, 2, '249', 'on'),
(1151, 5, 2, '250', 'on'),
(1152, 5, 2, '251', 'on'),
(1153, 5, 2, '252', 'on'),
(1154, 5, 2, '253', 'on'),
(1155, 5, 2, '254', 'on'),
(1156, 5, 2, '255', 'on'),
(1157, 5, 2, '256', 'on'),
(1158, 5, 2, '257', 'on'),
(1159, 5, 2, '258', 'on'),
(1160, 5, 2, '259', 'on'),
(1161, 5, 2, '260', 'on'),
(1162, 5, 2, '261', 'on'),
(1163, 5, 2, '262', 'on'),
(1164, 5, 2, '263', 'on'),
(1165, 5, 2, '264', 'on'),
(1166, 5, 2, '265', 'on'),
(1167, 5, 2, '266', 'on'),
(1168, 5, 2, '267', 'on'),
(1169, 5, 2, '268', 'on'),
(1170, 5, 2, '269', 'on'),
(1171, 5, 2, '270', 'on'),
(1172, 5, 2, '271', 'on'),
(1173, 5, 2, '272', 'on'),
(1174, 5, 2, '273', 'on'),
(1175, 5, 2, '274', 'on'),
(1176, 5, 2, '275', 'on'),
(1177, 5, 2, '276', 'on'),
(1178, 5, 2, '277', 'on'),
(1179, 5, 2, '278', 'on'),
(1180, 5, 2, '279', 'on'),
(1181, 5, 2, '280', 'on'),
(1182, 5, 2, '281', 'on'),
(1183, 5, 2, '282', 'on'),
(1184, 5, 2, '283', 'on'),
(1185, 5, 2, '284', 'on'),
(1186, 5, 2, '285', 'on'),
(1187, 5, 2, '286', 'on'),
(1188, 5, 2, '287', 'on'),
(1189, 5, 2, '288', 'on'),
(1190, 5, 2, '289', 'on'),
(1191, 5, 2, '290', 'on'),
(1192, 5, 2, '291', 'on'),
(1193, 5, 2, '292', 'on'),
(1194, 5, 2, '293', 'on'),
(1195, 5, 2, '294', 'on'),
(1196, 5, 2, '295', 'on'),
(1197, 5, 2, '296', 'on'),
(1198, 5, 2, '297', 'on'),
(1199, 5, 2, '298', 'on'),
(1200, 5, 2, '299', 'on'),
(1201, 6, 2, '200', 'on'),
(1202, 6, 2, '201', 'on'),
(1203, 6, 2, '202', 'on'),
(1204, 6, 2, '203', 'on'),
(1205, 6, 2, '204', 'on'),
(1206, 6, 2, '205', 'on'),
(1207, 6, 2, '206', 'on'),
(1208, 6, 2, '207', 'on'),
(1209, 6, 2, '208', 'on'),
(1210, 6, 2, '209', 'on'),
(1211, 6, 2, '210', 'on'),
(1212, 6, 2, '211', 'on'),
(1213, 6, 2, '212', 'on'),
(1214, 6, 2, '213', 'on'),
(1215, 6, 2, '214', 'on'),
(1216, 6, 2, '215', 'on'),
(1217, 6, 2, '216', 'on'),
(1218, 6, 2, '217', 'on'),
(1219, 6, 2, '218', 'on'),
(1220, 6, 2, '219', 'on'),
(1221, 6, 2, '220', 'on'),
(1222, 6, 2, '221', 'on'),
(1223, 6, 2, '222', 'on'),
(1224, 6, 2, '223', 'on'),
(1225, 6, 2, '224', 'on'),
(1226, 6, 2, '225', 'on'),
(1227, 6, 2, '226', 'on'),
(1228, 6, 2, '227', 'on'),
(1229, 6, 2, '228', 'on'),
(1230, 6, 2, '229', 'on'),
(1231, 6, 2, '230', 'on'),
(1232, 6, 2, '231', 'on'),
(1233, 6, 2, '232', 'on'),
(1234, 6, 2, '233', 'on'),
(1235, 6, 2, '234', 'on'),
(1236, 6, 2, '235', 'on'),
(1237, 6, 2, '236', 'on'),
(1238, 6, 2, '237', 'on'),
(1239, 6, 2, '238', 'on'),
(1240, 6, 2, '239', 'on'),
(1241, 6, 2, '240', 'on'),
(1242, 6, 2, '241', 'on'),
(1243, 6, 2, '242', 'on'),
(1244, 6, 2, '243', 'on'),
(1245, 6, 2, '244', 'on'),
(1246, 6, 2, '245', 'on'),
(1247, 6, 2, '246', 'on'),
(1248, 6, 2, '247', 'on'),
(1249, 6, 2, '248', 'on'),
(1250, 6, 2, '249', 'on'),
(1251, 6, 2, '250', 'on'),
(1252, 6, 2, '251', 'on'),
(1253, 6, 2, '252', 'on'),
(1254, 6, 2, '253', 'on'),
(1255, 6, 2, '254', 'on'),
(1256, 6, 2, '255', 'on'),
(1257, 6, 2, '256', 'on'),
(1258, 6, 2, '257', 'on'),
(1259, 6, 2, '258', 'on'),
(1260, 6, 2, '259', 'on'),
(1261, 6, 2, '260', 'on'),
(1262, 6, 2, '261', 'on'),
(1263, 6, 2, '262', 'on'),
(1264, 6, 2, '263', 'on'),
(1265, 6, 2, '264', 'on'),
(1266, 6, 2, '265', 'on'),
(1267, 6, 2, '266', 'on'),
(1268, 6, 2, '267', 'on'),
(1269, 6, 2, '268', 'on'),
(1270, 6, 2, '269', 'on'),
(1271, 6, 2, '270', 'on'),
(1272, 6, 2, '271', 'on'),
(1273, 6, 2, '272', 'on'),
(1274, 6, 2, '273', 'on'),
(1275, 6, 2, '274', 'on'),
(1276, 6, 2, '275', 'on'),
(1277, 6, 2, '276', 'on'),
(1278, 6, 2, '277', 'on'),
(1279, 6, 2, '278', 'on'),
(1280, 6, 2, '279', 'on'),
(1281, 6, 2, '280', 'on'),
(1282, 6, 2, '281', 'on'),
(1283, 6, 2, '282', 'on'),
(1284, 6, 2, '283', 'on'),
(1285, 6, 2, '284', 'on'),
(1286, 6, 2, '285', 'on'),
(1287, 6, 2, '286', 'on'),
(1288, 6, 2, '287', 'on'),
(1289, 6, 2, '288', 'on'),
(1290, 6, 2, '289', 'on'),
(1291, 6, 2, '290', 'on'),
(1292, 6, 2, '291', 'on'),
(1293, 6, 2, '292', 'on'),
(1294, 6, 2, '293', 'on'),
(1295, 6, 2, '294', 'on'),
(1296, 6, 2, '295', 'on'),
(1297, 6, 2, '296', 'on'),
(1298, 6, 2, '297', 'on'),
(1299, 6, 2, '298', 'on'),
(1300, 6, 2, '299', 'on'),
(1301, 7, 2, '200', 'on'),
(1302, 7, 2, '201', 'on'),
(1303, 7, 2, '202', 'on'),
(1304, 7, 2, '203', 'on'),
(1305, 7, 2, '204', 'on'),
(1306, 7, 2, '205', 'on'),
(1307, 7, 2, '206', 'on'),
(1308, 7, 2, '207', 'on'),
(1309, 7, 2, '208', 'on'),
(1310, 7, 2, '209', 'on'),
(1311, 7, 2, '210', 'on'),
(1312, 7, 2, '211', 'on'),
(1313, 7, 2, '212', 'on'),
(1314, 7, 2, '213', 'on'),
(1315, 7, 2, '214', 'on'),
(1316, 7, 2, '215', 'on'),
(1317, 7, 2, '216', 'on'),
(1318, 7, 2, '217', 'on'),
(1319, 7, 2, '218', 'on'),
(1320, 7, 2, '219', 'on'),
(1321, 7, 2, '220', 'on'),
(1322, 7, 2, '221', 'on'),
(1323, 7, 2, '222', 'on'),
(1324, 7, 2, '223', 'on'),
(1325, 7, 2, '224', 'on'),
(1326, 7, 2, '225', 'on'),
(1327, 7, 2, '226', 'on'),
(1328, 7, 2, '227', 'on'),
(1329, 7, 2, '228', 'on'),
(1330, 7, 2, '229', 'on'),
(1331, 7, 2, '230', 'on'),
(1332, 7, 2, '231', 'on'),
(1333, 7, 2, '232', 'on'),
(1334, 7, 2, '233', 'on'),
(1335, 7, 2, '234', 'on'),
(1336, 7, 2, '235', 'on'),
(1337, 7, 2, '236', 'on'),
(1338, 7, 2, '237', 'on'),
(1339, 7, 2, '238', 'on'),
(1340, 7, 2, '239', 'on'),
(1341, 7, 2, '240', 'on'),
(1342, 7, 2, '241', 'on'),
(1343, 7, 2, '242', 'on'),
(1344, 7, 2, '243', 'on'),
(1345, 7, 2, '244', 'on'),
(1346, 7, 2, '245', 'on'),
(1347, 7, 2, '246', 'on'),
(1348, 7, 2, '247', 'on'),
(1349, 7, 2, '248', 'on'),
(1350, 7, 2, '249', 'on'),
(1351, 7, 2, '250', 'on'),
(1352, 7, 2, '251', 'on'),
(1353, 7, 2, '252', 'on'),
(1354, 7, 2, '253', 'on'),
(1355, 7, 2, '254', 'on'),
(1356, 7, 2, '255', 'on'),
(1357, 7, 2, '256', 'on'),
(1358, 7, 2, '257', 'on'),
(1359, 7, 2, '258', 'on'),
(1360, 7, 2, '259', 'on'),
(1361, 7, 2, '260', 'on'),
(1362, 7, 2, '261', 'on'),
(1363, 7, 2, '262', 'on'),
(1364, 7, 2, '263', 'on'),
(1365, 7, 2, '264', 'on'),
(1366, 7, 2, '265', 'on'),
(1367, 7, 2, '266', 'on'),
(1368, 7, 2, '267', 'on'),
(1369, 7, 2, '268', 'on'),
(1370, 7, 2, '269', 'on'),
(1371, 7, 2, '270', 'on'),
(1372, 7, 2, '271', 'on'),
(1373, 7, 2, '272', 'on'),
(1374, 7, 2, '273', 'on'),
(1375, 7, 2, '274', 'on'),
(1376, 7, 2, '275', 'on'),
(1377, 7, 2, '276', 'on'),
(1378, 7, 2, '277', 'on'),
(1379, 7, 2, '278', 'on'),
(1380, 7, 2, '279', 'on'),
(1381, 7, 2, '280', 'on'),
(1382, 7, 2, '281', 'on'),
(1383, 7, 2, '282', 'on'),
(1384, 7, 2, '283', 'on'),
(1385, 7, 2, '284', 'on'),
(1386, 7, 2, '285', 'on'),
(1387, 7, 2, '286', 'on'),
(1388, 7, 2, '287', 'on'),
(1389, 7, 2, '288', 'on'),
(1390, 7, 2, '289', 'on'),
(1391, 7, 2, '290', 'on'),
(1392, 7, 2, '291', 'on'),
(1393, 7, 2, '292', 'on'),
(1394, 7, 2, '293', 'on'),
(1395, 7, 2, '294', 'on'),
(1396, 7, 2, '295', 'on'),
(1397, 7, 2, '296', 'on'),
(1398, 7, 2, '297', 'on'),
(1399, 7, 2, '298', 'on'),
(1400, 7, 2, '299', 'on'),
(1401, 8, 2, '200', 'on'),
(1402, 8, 2, '201', 'on'),
(1403, 8, 2, '202', 'on'),
(1404, 8, 2, '203', 'on'),
(1405, 8, 2, '204', 'on'),
(1406, 8, 2, '205', 'on'),
(1407, 8, 2, '206', 'on'),
(1408, 8, 2, '207', 'on'),
(1409, 8, 2, '208', 'on'),
(1410, 8, 2, '209', 'on'),
(1411, 8, 2, '210', 'on'),
(1412, 8, 2, '211', 'on'),
(1413, 8, 2, '212', 'on'),
(1414, 8, 2, '213', 'on'),
(1415, 8, 2, '214', 'on'),
(1416, 8, 2, '215', 'on'),
(1417, 8, 2, '216', 'on'),
(1418, 8, 2, '217', 'on'),
(1419, 8, 2, '218', 'on'),
(1420, 8, 2, '219', 'on'),
(1421, 8, 2, '220', 'on'),
(1422, 8, 2, '221', 'on'),
(1423, 8, 2, '222', 'on'),
(1424, 8, 2, '223', 'on'),
(1425, 8, 2, '224', 'on'),
(1426, 8, 2, '225', 'on'),
(1427, 8, 2, '226', 'on'),
(1428, 8, 2, '227', 'on'),
(1429, 8, 2, '228', 'on'),
(1430, 8, 2, '229', 'on'),
(1431, 8, 2, '230', 'on'),
(1432, 8, 2, '231', 'on'),
(1433, 8, 2, '232', 'on'),
(1434, 8, 2, '233', 'on'),
(1435, 8, 2, '234', 'on'),
(1436, 8, 2, '235', 'on'),
(1437, 8, 2, '236', 'on'),
(1438, 8, 2, '237', 'on'),
(1439, 8, 2, '238', 'on'),
(1440, 8, 2, '239', 'on'),
(1441, 8, 2, '240', 'on'),
(1442, 8, 2, '241', 'on'),
(1443, 8, 2, '242', 'on'),
(1444, 8, 2, '243', 'on'),
(1445, 8, 2, '244', 'on'),
(1446, 8, 2, '245', 'on'),
(1447, 8, 2, '246', 'on'),
(1448, 8, 2, '247', 'on'),
(1449, 8, 2, '248', 'on'),
(1450, 8, 2, '249', 'on'),
(1451, 8, 2, '250', 'on'),
(1452, 8, 2, '251', 'on'),
(1453, 8, 2, '252', 'on'),
(1454, 8, 2, '253', 'on'),
(1455, 8, 2, '254', 'on'),
(1456, 8, 2, '255', 'on'),
(1457, 8, 2, '256', 'on'),
(1458, 8, 2, '257', 'on'),
(1459, 8, 2, '258', 'on'),
(1460, 8, 2, '259', 'on'),
(1461, 8, 2, '260', 'on'),
(1462, 8, 2, '261', 'on'),
(1463, 8, 2, '262', 'on'),
(1464, 8, 2, '263', 'on'),
(1465, 8, 2, '264', 'on'),
(1466, 8, 2, '265', 'on'),
(1467, 8, 2, '266', 'on'),
(1468, 8, 2, '267', 'on'),
(1469, 8, 2, '268', 'on'),
(1470, 8, 2, '269', 'on'),
(1471, 8, 2, '270', 'on'),
(1472, 8, 2, '271', 'on'),
(1473, 8, 2, '272', 'on'),
(1474, 8, 2, '273', 'on'),
(1475, 8, 2, '274', 'on'),
(1476, 8, 2, '275', 'on'),
(1477, 8, 2, '276', 'on'),
(1478, 8, 2, '277', 'on'),
(1479, 8, 2, '278', 'on'),
(1480, 8, 2, '279', 'on'),
(1481, 8, 2, '280', 'on'),
(1482, 8, 2, '281', 'on'),
(1483, 8, 2, '282', 'on'),
(1484, 8, 2, '283', 'on'),
(1485, 8, 2, '284', 'on'),
(1486, 8, 2, '285', 'on'),
(1487, 8, 2, '286', 'on'),
(1488, 8, 2, '287', 'on'),
(1489, 8, 2, '288', 'on'),
(1490, 8, 2, '289', 'on'),
(1491, 8, 2, '290', 'on'),
(1492, 8, 2, '291', 'on'),
(1493, 8, 2, '292', 'on'),
(1494, 8, 2, '293', 'on'),
(1495, 8, 2, '294', 'on'),
(1496, 8, 2, '295', 'on'),
(1497, 8, 2, '296', 'on'),
(1498, 8, 2, '297', 'on'),
(1499, 8, 2, '298', 'on'),
(1500, 8, 2, '299', 'on'),
(1501, 9, 2, '200', 'on'),
(1502, 9, 2, '201', 'on'),
(1503, 9, 2, '202', 'on'),
(1504, 9, 2, '203', 'on'),
(1505, 9, 2, '204', 'on'),
(1506, 9, 2, '205', 'on'),
(1507, 9, 2, '206', 'on'),
(1508, 9, 2, '207', 'on'),
(1509, 9, 2, '208', 'on'),
(1510, 9, 2, '209', 'on'),
(1511, 9, 2, '210', 'on'),
(1512, 9, 2, '211', 'on'),
(1513, 9, 2, '212', 'on'),
(1514, 9, 2, '213', 'on'),
(1515, 9, 2, '214', 'on'),
(1516, 9, 2, '215', 'on'),
(1517, 9, 2, '216', 'on'),
(1518, 9, 2, '217', 'on'),
(1519, 9, 2, '218', 'on'),
(1520, 9, 2, '219', 'on'),
(1521, 9, 2, '220', 'on'),
(1522, 9, 2, '221', 'on'),
(1523, 9, 2, '222', 'on'),
(1524, 9, 2, '223', 'on'),
(1525, 9, 2, '224', 'on'),
(1526, 9, 2, '225', 'on'),
(1527, 9, 2, '226', 'on'),
(1528, 9, 2, '227', 'on'),
(1529, 9, 2, '228', 'on'),
(1530, 9, 2, '229', 'on'),
(1531, 9, 2, '230', 'on'),
(1532, 9, 2, '231', 'on'),
(1533, 9, 2, '232', 'on'),
(1534, 9, 2, '233', 'on'),
(1535, 9, 2, '234', 'on'),
(1536, 9, 2, '235', 'on'),
(1537, 9, 2, '236', 'on'),
(1538, 9, 2, '237', 'on'),
(1539, 9, 2, '238', 'on'),
(1540, 9, 2, '239', 'on'),
(1541, 9, 2, '240', 'on'),
(1542, 9, 2, '241', 'on'),
(1543, 9, 2, '242', 'on'),
(1544, 9, 2, '243', 'on'),
(1545, 9, 2, '244', 'on'),
(1546, 9, 2, '245', 'on'),
(1547, 9, 2, '246', 'on'),
(1548, 9, 2, '247', 'on'),
(1549, 9, 2, '248', 'on'),
(1550, 9, 2, '249', 'on'),
(1551, 9, 2, '250', 'on'),
(1552, 9, 2, '251', 'on'),
(1553, 9, 2, '252', 'on'),
(1554, 9, 2, '253', 'on'),
(1555, 9, 2, '254', 'on'),
(1556, 9, 2, '255', 'on'),
(1557, 9, 2, '256', 'on'),
(1558, 9, 2, '257', 'on'),
(1559, 9, 2, '258', 'on'),
(1560, 9, 2, '259', 'on'),
(1561, 9, 2, '260', 'on'),
(1562, 9, 2, '261', 'on'),
(1563, 9, 2, '262', 'on'),
(1564, 9, 2, '263', 'on'),
(1565, 9, 2, '264', 'on'),
(1566, 9, 2, '265', 'on'),
(1567, 9, 2, '266', 'on'),
(1568, 9, 2, '267', 'on'),
(1569, 9, 2, '268', 'on'),
(1570, 9, 2, '269', 'on'),
(1571, 9, 2, '270', 'on'),
(1572, 9, 2, '271', 'on'),
(1573, 9, 2, '272', 'on'),
(1574, 9, 2, '273', 'on'),
(1575, 9, 2, '274', 'on'),
(1576, 9, 2, '275', 'on'),
(1577, 9, 2, '276', 'on'),
(1578, 9, 2, '277', 'on'),
(1579, 9, 2, '278', 'on'),
(1580, 9, 2, '279', 'on'),
(1581, 9, 2, '280', 'on'),
(1582, 9, 2, '281', 'on'),
(1583, 9, 2, '282', 'on'),
(1584, 9, 2, '283', 'on'),
(1585, 9, 2, '284', 'on'),
(1586, 9, 2, '285', 'on'),
(1587, 9, 2, '286', 'on'),
(1588, 9, 2, '287', 'on'),
(1589, 9, 2, '288', 'on'),
(1590, 9, 2, '289', 'on'),
(1591, 9, 2, '290', 'on'),
(1592, 9, 2, '291', 'on'),
(1593, 9, 2, '292', 'on'),
(1594, 9, 2, '293', 'on'),
(1595, 9, 2, '294', 'on'),
(1596, 9, 2, '295', 'on'),
(1597, 9, 2, '296', 'on'),
(1598, 9, 2, '297', 'on'),
(1599, 9, 2, '298', 'on'),
(1600, 9, 2, '299', 'on'),
(1601, 10, 2, '200', 'on'),
(1602, 10, 2, '201', 'on'),
(1603, 10, 2, '202', 'on'),
(1604, 10, 2, '203', 'on'),
(1605, 10, 2, '204', 'on'),
(1606, 10, 2, '205', 'on'),
(1607, 10, 2, '206', 'on'),
(1608, 10, 2, '207', 'on'),
(1609, 10, 2, '208', 'on'),
(1610, 10, 2, '209', 'on'),
(1611, 10, 2, '210', 'on'),
(1612, 10, 2, '211', 'on'),
(1613, 10, 2, '212', 'on'),
(1614, 10, 2, '213', 'on'),
(1615, 10, 2, '214', 'on'),
(1616, 10, 2, '215', 'on'),
(1617, 10, 2, '216', 'on'),
(1618, 10, 2, '217', 'on'),
(1619, 10, 2, '218', 'on'),
(1620, 10, 2, '219', 'on'),
(1621, 10, 2, '220', 'on'),
(1622, 10, 2, '221', 'on'),
(1623, 10, 2, '222', 'on'),
(1624, 10, 2, '223', 'on'),
(1625, 10, 2, '224', 'on'),
(1626, 10, 2, '225', 'on'),
(1627, 10, 2, '226', 'on'),
(1628, 10, 2, '227', 'on'),
(1629, 10, 2, '228', 'on'),
(1630, 10, 2, '229', 'on'),
(1631, 10, 2, '230', 'on'),
(1632, 10, 2, '231', 'on'),
(1633, 10, 2, '232', 'on'),
(1634, 10, 2, '233', 'on'),
(1635, 10, 2, '234', 'on'),
(1636, 10, 2, '235', 'on'),
(1637, 10, 2, '236', 'on'),
(1638, 10, 2, '237', 'on'),
(1639, 10, 2, '238', 'on'),
(1640, 10, 2, '239', 'on'),
(1641, 10, 2, '240', 'on'),
(1642, 10, 2, '241', 'on'),
(1643, 10, 2, '242', 'on'),
(1644, 10, 2, '243', 'on'),
(1645, 10, 2, '244', 'on'),
(1646, 10, 2, '245', 'on'),
(1647, 10, 2, '246', 'on'),
(1648, 10, 2, '247', 'on'),
(1649, 10, 2, '248', 'on'),
(1650, 10, 2, '249', 'on'),
(1651, 10, 2, '250', 'on'),
(1652, 10, 2, '251', 'on'),
(1653, 10, 2, '252', 'on'),
(1654, 10, 2, '253', 'on'),
(1655, 10, 2, '254', 'on'),
(1656, 10, 2, '255', 'on'),
(1657, 10, 2, '256', 'on'),
(1658, 10, 2, '257', 'on'),
(1659, 10, 2, '258', 'on'),
(1660, 10, 2, '259', 'on'),
(1661, 10, 2, '260', 'on'),
(1662, 10, 2, '261', 'on'),
(1663, 10, 2, '262', 'on'),
(1664, 10, 2, '263', 'on'),
(1665, 10, 2, '264', 'on'),
(1666, 10, 2, '265', 'on'),
(1667, 10, 2, '266', 'on'),
(1668, 10, 2, '267', 'on'),
(1669, 10, 2, '268', 'on'),
(1670, 10, 2, '269', 'on'),
(1671, 10, 2, '270', 'on'),
(1672, 10, 2, '271', 'on'),
(1673, 10, 2, '272', 'on'),
(1674, 10, 2, '273', 'on'),
(1675, 10, 2, '274', 'on'),
(1676, 10, 2, '275', 'on'),
(1677, 10, 2, '276', 'on'),
(1678, 10, 2, '277', 'on'),
(1679, 10, 2, '278', 'on'),
(1680, 10, 2, '279', 'on'),
(1681, 10, 2, '280', 'on'),
(1682, 10, 2, '281', 'on'),
(1683, 10, 2, '282', 'on'),
(1684, 10, 2, '283', 'on'),
(1685, 10, 2, '284', 'on'),
(1686, 10, 2, '285', 'on'),
(1687, 10, 2, '286', 'on'),
(1688, 10, 2, '287', 'on'),
(1689, 10, 2, '288', 'on'),
(1690, 10, 2, '289', 'on'),
(1691, 10, 2, '290', 'on'),
(1692, 10, 2, '291', 'on'),
(1693, 10, 2, '292', 'on'),
(1694, 10, 2, '293', 'on'),
(1695, 10, 2, '294', 'on'),
(1696, 10, 2, '295', 'on'),
(1697, 10, 2, '296', 'on'),
(1698, 10, 2, '297', 'on'),
(1699, 10, 2, '298', 'on'),
(1700, 10, 2, '299', 'on'),
(1701, 11, 2, '200', 'on'),
(1702, 11, 2, '201', 'on'),
(1703, 11, 2, '202', 'on'),
(1704, 11, 2, '203', 'on'),
(1705, 11, 2, '204', 'on'),
(1706, 11, 2, '205', 'on'),
(1707, 11, 2, '206', 'on'),
(1708, 11, 2, '207', 'on'),
(1709, 11, 2, '208', 'on'),
(1710, 11, 2, '209', 'on'),
(1711, 11, 2, '210', 'on'),
(1712, 11, 2, '211', 'on'),
(1713, 11, 2, '212', 'on'),
(1714, 11, 2, '213', 'on'),
(1715, 11, 2, '214', 'on'),
(1716, 11, 2, '215', 'on'),
(1717, 11, 2, '216', 'on'),
(1718, 11, 2, '217', 'on'),
(1719, 11, 2, '218', 'on'),
(1720, 11, 2, '219', 'on'),
(1721, 11, 2, '220', 'on'),
(1722, 11, 2, '221', 'on'),
(1723, 11, 2, '222', 'on'),
(1724, 11, 2, '223', 'on'),
(1725, 11, 2, '224', 'on'),
(1726, 11, 2, '225', 'on'),
(1727, 11, 2, '226', 'on'),
(1728, 11, 2, '227', 'on'),
(1729, 11, 2, '228', 'on'),
(1730, 11, 2, '229', 'on'),
(1731, 11, 2, '230', 'on'),
(1732, 11, 2, '231', 'on'),
(1733, 11, 2, '232', 'on'),
(1734, 11, 2, '233', 'on'),
(1735, 11, 2, '234', 'on'),
(1736, 11, 2, '235', 'on'),
(1737, 11, 2, '236', 'on'),
(1738, 11, 2, '237', 'on'),
(1739, 11, 2, '238', 'on'),
(1740, 11, 2, '239', 'on'),
(1741, 11, 2, '240', 'on'),
(1742, 11, 2, '241', 'on'),
(1743, 11, 2, '242', 'on'),
(1744, 11, 2, '243', 'on'),
(1745, 11, 2, '244', 'on'),
(1746, 11, 2, '245', 'on'),
(1747, 11, 2, '246', 'on'),
(1748, 11, 2, '247', 'on'),
(1749, 11, 2, '248', 'on'),
(1750, 11, 2, '249', 'on'),
(1751, 11, 2, '250', 'on'),
(1752, 11, 2, '251', 'on'),
(1753, 11, 2, '252', 'on'),
(1754, 11, 2, '253', 'on'),
(1755, 11, 2, '254', 'on'),
(1756, 11, 2, '255', 'on'),
(1757, 11, 2, '256', 'on'),
(1758, 11, 2, '257', 'on'),
(1759, 11, 2, '258', 'on'),
(1760, 11, 2, '259', 'on'),
(1761, 11, 2, '260', 'on'),
(1762, 11, 2, '261', 'on'),
(1763, 11, 2, '262', 'on'),
(1764, 11, 2, '263', 'on'),
(1765, 11, 2, '264', 'on'),
(1766, 11, 2, '265', 'on'),
(1767, 11, 2, '266', 'on'),
(1768, 11, 2, '267', 'on'),
(1769, 11, 2, '268', 'on'),
(1770, 11, 2, '269', 'on'),
(1771, 11, 2, '270', 'on'),
(1772, 11, 2, '271', 'on'),
(1773, 11, 2, '272', 'on'),
(1774, 11, 2, '273', 'on'),
(1775, 11, 2, '274', 'on'),
(1776, 11, 2, '275', 'on'),
(1777, 11, 2, '276', 'on'),
(1778, 11, 2, '277', 'on'),
(1779, 11, 2, '278', 'on'),
(1780, 11, 2, '279', 'on'),
(1781, 11, 2, '280', 'on'),
(1782, 11, 2, '281', 'on'),
(1783, 11, 2, '282', 'on'),
(1784, 11, 2, '283', 'on'),
(1785, 11, 2, '284', 'on'),
(1786, 11, 2, '285', 'on'),
(1787, 11, 2, '286', 'on'),
(1788, 11, 2, '287', 'on'),
(1789, 11, 2, '288', 'on'),
(1790, 11, 2, '289', 'on'),
(1791, 11, 2, '290', 'on'),
(1792, 11, 2, '291', 'on'),
(1793, 11, 2, '292', 'on'),
(1794, 11, 2, '293', 'on'),
(1795, 11, 2, '294', 'on'),
(1796, 11, 2, '295', 'on'),
(1797, 11, 2, '296', 'on'),
(1798, 11, 2, '297', 'on'),
(1799, 11, 2, '298', 'on'),
(1800, 11, 2, '299', 'on'),
(1801, 3, 3, '300', 'on'),
(1802, 3, 3, '301', 'on'),
(1803, 3, 3, '302', 'on'),
(1804, 3, 3, '303', 'on'),
(1805, 3, 3, '304', 'on'),
(1806, 3, 3, '305', 'on'),
(1807, 3, 3, '306', 'on'),
(1808, 3, 3, '307', 'on'),
(1809, 3, 3, '308', 'on'),
(1810, 3, 3, '309', 'on'),
(1811, 3, 3, '310', 'on'),
(1812, 3, 3, '311', 'on'),
(1813, 3, 3, '312', 'on'),
(1814, 3, 3, '313', 'on'),
(1815, 3, 3, '314', 'on'),
(1816, 3, 3, '315', 'on'),
(1817, 3, 3, '316', 'on'),
(1818, 3, 3, '317', 'on'),
(1819, 3, 3, '318', 'on'),
(1820, 3, 3, '319', 'on'),
(1821, 3, 3, '320', 'on'),
(1822, 3, 3, '321', 'on'),
(1823, 3, 3, '322', 'on'),
(1824, 3, 3, '323', 'on'),
(1825, 3, 3, '324', 'on'),
(1826, 3, 3, '325', 'on'),
(1827, 3, 3, '326', 'on'),
(1828, 3, 3, '327', 'on'),
(1829, 3, 3, '328', 'on'),
(1830, 3, 3, '329', 'on'),
(1831, 3, 3, '330', 'on'),
(1832, 3, 3, '331', 'on'),
(1833, 3, 3, '332', 'on'),
(1834, 3, 3, '333', 'on'),
(1835, 3, 3, '334', 'on'),
(1836, 3, 3, '335', 'on'),
(1837, 3, 3, '336', 'on'),
(1838, 3, 3, '337', 'on'),
(1839, 3, 3, '338', 'on'),
(1840, 3, 3, '339', 'on'),
(1841, 3, 3, '340', 'on'),
(1842, 3, 3, '341', 'on'),
(1843, 3, 3, '342', 'on'),
(1844, 3, 3, '343', 'on'),
(1845, 3, 3, '344', 'on'),
(1846, 3, 3, '345', 'on'),
(1847, 3, 3, '346', 'on'),
(1848, 3, 3, '347', 'on'),
(1849, 3, 3, '348', 'on'),
(1850, 3, 3, '349', 'on'),
(1851, 3, 3, '350', 'on'),
(1852, 3, 3, '351', 'on'),
(1853, 3, 3, '352', 'on'),
(1854, 3, 3, '353', 'on'),
(1855, 3, 3, '354', 'on'),
(1856, 3, 3, '355', 'on'),
(1857, 3, 3, '356', 'on'),
(1858, 3, 3, '357', 'on'),
(1859, 3, 3, '358', 'on'),
(1860, 3, 3, '359', 'on'),
(1861, 3, 3, '360', 'on'),
(1862, 3, 3, '361', 'on'),
(1863, 3, 3, '362', 'on'),
(1864, 3, 3, '363', 'on'),
(1865, 3, 3, '364', 'on'),
(1866, 3, 3, '365', 'on'),
(1867, 3, 3, '366', 'on'),
(1868, 3, 3, '367', 'on'),
(1869, 3, 3, '368', 'on'),
(1870, 3, 3, '369', 'on'),
(1871, 3, 3, '370', 'on'),
(1872, 3, 3, '371', 'on'),
(1873, 3, 3, '372', 'on'),
(1874, 3, 3, '373', 'on'),
(1875, 3, 3, '374', 'on'),
(1876, 3, 3, '375', 'on'),
(1877, 3, 3, '376', 'on'),
(1878, 3, 3, '377', 'on'),
(1879, 3, 3, '378', 'on'),
(1880, 3, 3, '379', 'on'),
(1881, 3, 3, '380', 'on'),
(1882, 3, 3, '381', 'on'),
(1883, 3, 3, '382', 'on'),
(1884, 3, 3, '383', 'on'),
(1885, 3, 3, '384', 'on'),
(1886, 3, 3, '385', 'on'),
(1887, 3, 3, '386', 'on'),
(1888, 3, 3, '387', 'on'),
(1889, 3, 3, '388', 'on'),
(1890, 3, 3, '389', 'on'),
(1891, 3, 3, '390', 'on'),
(1892, 3, 3, '391', 'on'),
(1893, 3, 3, '392', 'on'),
(1894, 3, 3, '393', 'on'),
(1895, 3, 3, '394', 'on'),
(1896, 3, 3, '395', 'on'),
(1897, 3, 3, '396', 'on'),
(1898, 3, 3, '397', 'on'),
(1899, 3, 3, '398', 'on'),
(1900, 3, 3, '399', 'on'),
(1901, 4, 3, '300', 'on'),
(1902, 4, 3, '301', 'on'),
(1903, 4, 3, '302', 'on'),
(1904, 4, 3, '303', 'on'),
(1905, 4, 3, '304', 'on'),
(1906, 4, 3, '305', 'on'),
(1907, 4, 3, '306', 'on'),
(1908, 4, 3, '307', 'on'),
(1909, 4, 3, '308', 'on'),
(1910, 4, 3, '309', 'on'),
(1911, 4, 3, '310', 'on'),
(1912, 4, 3, '311', 'on'),
(1913, 4, 3, '312', 'on'),
(1914, 4, 3, '313', 'on'),
(1915, 4, 3, '314', 'on'),
(1916, 4, 3, '315', 'on'),
(1917, 4, 3, '316', 'on'),
(1918, 4, 3, '317', 'on'),
(1919, 4, 3, '318', 'on'),
(1920, 4, 3, '319', 'on'),
(1921, 4, 3, '320', 'on'),
(1922, 4, 3, '321', 'on'),
(1923, 4, 3, '322', 'on'),
(1924, 4, 3, '323', 'on'),
(1925, 4, 3, '324', 'on'),
(1926, 4, 3, '325', 'on'),
(1927, 4, 3, '326', 'on'),
(1928, 4, 3, '327', 'on'),
(1929, 4, 3, '328', 'on'),
(1930, 4, 3, '329', 'on'),
(1931, 4, 3, '330', 'on'),
(1932, 4, 3, '331', 'on'),
(1933, 4, 3, '332', 'on'),
(1934, 4, 3, '333', 'on'),
(1935, 4, 3, '334', 'on'),
(1936, 4, 3, '335', 'on'),
(1937, 4, 3, '336', 'on'),
(1938, 4, 3, '337', 'on'),
(1939, 4, 3, '338', 'on'),
(1940, 4, 3, '339', 'on'),
(1941, 4, 3, '340', 'on'),
(1942, 4, 3, '341', 'on'),
(1943, 4, 3, '342', 'on'),
(1944, 4, 3, '343', 'on'),
(1945, 4, 3, '344', 'on'),
(1946, 4, 3, '345', 'on'),
(1947, 4, 3, '346', 'on'),
(1948, 4, 3, '347', 'on'),
(1949, 4, 3, '348', 'on'),
(1950, 4, 3, '349', 'on'),
(1951, 4, 3, '350', 'on'),
(1952, 4, 3, '351', 'on'),
(1953, 4, 3, '352', 'on'),
(1954, 4, 3, '353', 'on'),
(1955, 4, 3, '354', 'on'),
(1956, 4, 3, '355', 'on'),
(1957, 4, 3, '356', 'on'),
(1958, 4, 3, '357', 'on'),
(1959, 4, 3, '358', 'on'),
(1960, 4, 3, '359', 'on'),
(1961, 4, 3, '360', 'on'),
(1962, 4, 3, '361', 'on'),
(1963, 4, 3, '362', 'on'),
(1964, 4, 3, '363', 'on'),
(1965, 4, 3, '364', 'on'),
(1966, 4, 3, '365', 'on'),
(1967, 4, 3, '366', 'on'),
(1968, 4, 3, '367', 'on'),
(1969, 4, 3, '368', 'on'),
(1970, 4, 3, '369', 'on'),
(1971, 4, 3, '370', 'on'),
(1972, 4, 3, '371', 'on'),
(1973, 4, 3, '372', 'on'),
(1974, 4, 3, '373', 'on'),
(1975, 4, 3, '374', 'on'),
(1976, 4, 3, '375', 'on'),
(1977, 4, 3, '376', 'on'),
(1978, 4, 3, '377', 'on'),
(1979, 4, 3, '378', 'on'),
(1980, 4, 3, '379', 'on'),
(1981, 4, 3, '380', 'on'),
(1982, 4, 3, '381', 'on'),
(1983, 4, 3, '382', 'on'),
(1984, 4, 3, '383', 'on'),
(1985, 4, 3, '384', 'on'),
(1986, 4, 3, '385', 'on'),
(1987, 4, 3, '386', 'on'),
(1988, 4, 3, '387', 'on'),
(1989, 4, 3, '388', 'on'),
(1990, 4, 3, '389', 'on'),
(1991, 4, 3, '390', 'on'),
(1992, 4, 3, '391', 'on'),
(1993, 4, 3, '392', 'on'),
(1994, 4, 3, '393', 'on'),
(1995, 4, 3, '394', 'on'),
(1996, 4, 3, '395', 'on'),
(1997, 4, 3, '396', 'on'),
(1998, 4, 3, '397', 'on'),
(1999, 4, 3, '398', 'on'),
(2000, 4, 3, '399', 'on'),
(2001, 5, 3, '300', 'on'),
(2002, 5, 3, '301', 'on'),
(2003, 5, 3, '302', 'on'),
(2004, 5, 3, '303', 'on'),
(2005, 5, 3, '304', 'on'),
(2006, 5, 3, '305', 'on'),
(2007, 5, 3, '306', 'on'),
(2008, 5, 3, '307', 'on'),
(2009, 5, 3, '308', 'on'),
(2010, 5, 3, '309', 'on'),
(2011, 5, 3, '310', 'on'),
(2012, 5, 3, '311', 'on'),
(2013, 5, 3, '312', 'on'),
(2014, 5, 3, '313', 'on'),
(2015, 5, 3, '314', 'on'),
(2016, 5, 3, '315', 'on'),
(2017, 5, 3, '316', 'on'),
(2018, 5, 3, '317', 'on'),
(2019, 5, 3, '318', 'on'),
(2020, 5, 3, '319', 'on'),
(2021, 5, 3, '320', 'on'),
(2022, 5, 3, '321', 'on'),
(2023, 5, 3, '322', 'on'),
(2024, 5, 3, '323', 'on');
INSERT INTO `kursi` (`id_kursi`, `id_kapal`, `id_kabin`, `kursi`, `status`) VALUES
(2025, 5, 3, '324', 'on'),
(2026, 5, 3, '325', 'on'),
(2027, 5, 3, '326', 'on'),
(2028, 5, 3, '327', 'on'),
(2029, 5, 3, '328', 'on'),
(2030, 5, 3, '329', 'on'),
(2031, 5, 3, '330', 'on'),
(2032, 5, 3, '331', 'on'),
(2033, 5, 3, '332', 'on'),
(2034, 5, 3, '333', 'on'),
(2035, 5, 3, '334', 'on'),
(2036, 5, 3, '335', 'on'),
(2037, 5, 3, '336', 'on'),
(2038, 5, 3, '337', 'on'),
(2039, 5, 3, '338', 'on'),
(2040, 5, 3, '339', 'on'),
(2041, 5, 3, '340', 'on'),
(2042, 5, 3, '341', 'on'),
(2043, 5, 3, '342', 'on'),
(2044, 5, 3, '343', 'on'),
(2045, 5, 3, '344', 'on'),
(2046, 5, 3, '345', 'on'),
(2047, 5, 3, '346', 'on'),
(2048, 5, 3, '347', 'on'),
(2049, 5, 3, '348', 'on'),
(2050, 5, 3, '349', 'on'),
(2051, 5, 3, '350', 'on'),
(2052, 5, 3, '351', 'on'),
(2053, 5, 3, '352', 'on'),
(2054, 5, 3, '353', 'on'),
(2055, 5, 3, '354', 'on'),
(2056, 5, 3, '355', 'on'),
(2057, 5, 3, '356', 'on'),
(2058, 5, 3, '357', 'on'),
(2059, 5, 3, '358', 'on'),
(2060, 5, 3, '359', 'on'),
(2061, 5, 3, '360', 'on'),
(2062, 5, 3, '361', 'on'),
(2063, 5, 3, '362', 'on'),
(2064, 5, 3, '363', 'on'),
(2065, 5, 3, '364', 'on'),
(2066, 5, 3, '365', 'on'),
(2067, 5, 3, '366', 'on'),
(2068, 5, 3, '367', 'on'),
(2069, 5, 3, '368', 'on'),
(2070, 5, 3, '369', 'on'),
(2071, 5, 3, '370', 'on'),
(2072, 5, 3, '371', 'on'),
(2073, 5, 3, '372', 'on'),
(2074, 5, 3, '373', 'on'),
(2075, 5, 3, '374', 'on'),
(2076, 5, 3, '375', 'on'),
(2077, 5, 3, '376', 'on'),
(2078, 5, 3, '377', 'on'),
(2079, 5, 3, '378', 'on'),
(2080, 5, 3, '379', 'on'),
(2081, 5, 3, '380', 'on'),
(2082, 5, 3, '381', 'on'),
(2083, 5, 3, '382', 'on'),
(2084, 5, 3, '383', 'on'),
(2085, 5, 3, '384', 'on'),
(2086, 5, 3, '385', 'on'),
(2087, 5, 3, '386', 'on'),
(2088, 5, 3, '387', 'on'),
(2089, 5, 3, '388', 'on'),
(2090, 5, 3, '389', 'on'),
(2091, 5, 3, '390', 'on'),
(2092, 5, 3, '391', 'on'),
(2093, 5, 3, '392', 'on'),
(2094, 5, 3, '393', 'on'),
(2095, 5, 3, '394', 'on'),
(2096, 5, 3, '395', 'on'),
(2097, 5, 3, '396', 'on'),
(2098, 5, 3, '397', 'on'),
(2099, 5, 3, '398', 'on'),
(2100, 5, 3, '399', 'on'),
(2101, 6, 3, '300', 'on'),
(2102, 6, 3, '301', 'on'),
(2103, 6, 3, '302', 'on'),
(2104, 6, 3, '303', 'on'),
(2105, 6, 3, '304', 'on'),
(2106, 6, 3, '305', 'on'),
(2107, 6, 3, '306', 'on'),
(2108, 6, 3, '307', 'on'),
(2109, 6, 3, '308', 'on'),
(2110, 6, 3, '309', 'on'),
(2111, 6, 3, '310', 'on'),
(2112, 6, 3, '311', 'on'),
(2113, 6, 3, '312', 'on'),
(2114, 6, 3, '313', 'on'),
(2115, 6, 3, '314', 'on'),
(2116, 6, 3, '315', 'on'),
(2117, 6, 3, '316', 'on'),
(2118, 6, 3, '317', 'on'),
(2119, 6, 3, '318', 'on'),
(2120, 6, 3, '319', 'on'),
(2121, 6, 3, '320', 'on'),
(2122, 6, 3, '321', 'on'),
(2123, 6, 3, '322', 'on'),
(2124, 6, 3, '323', 'on'),
(2125, 6, 3, '324', 'on'),
(2126, 6, 3, '325', 'on'),
(2127, 6, 3, '326', 'on'),
(2128, 6, 3, '327', 'on'),
(2129, 6, 3, '328', 'on'),
(2130, 6, 3, '329', 'on'),
(2131, 6, 3, '330', 'on'),
(2132, 6, 3, '331', 'on'),
(2133, 6, 3, '332', 'on'),
(2134, 6, 3, '333', 'on'),
(2135, 6, 3, '334', 'on'),
(2136, 6, 3, '335', 'on'),
(2137, 6, 3, '336', 'on'),
(2138, 6, 3, '337', 'on'),
(2139, 6, 3, '338', 'on'),
(2140, 6, 3, '339', 'on'),
(2141, 6, 3, '340', 'on'),
(2142, 6, 3, '341', 'on'),
(2143, 6, 3, '342', 'on'),
(2144, 6, 3, '343', 'on'),
(2145, 6, 3, '344', 'on'),
(2146, 6, 3, '345', 'on'),
(2147, 6, 3, '346', 'on'),
(2148, 6, 3, '347', 'on'),
(2149, 6, 3, '348', 'on'),
(2150, 6, 3, '349', 'on'),
(2151, 6, 3, '350', 'on'),
(2152, 6, 3, '351', 'on'),
(2153, 6, 3, '352', 'on'),
(2154, 6, 3, '353', 'on'),
(2155, 6, 3, '354', 'on'),
(2156, 6, 3, '355', 'on'),
(2157, 6, 3, '356', 'on'),
(2158, 6, 3, '357', 'on'),
(2159, 6, 3, '358', 'on'),
(2160, 6, 3, '359', 'on'),
(2161, 6, 3, '360', 'on'),
(2162, 6, 3, '361', 'on'),
(2163, 6, 3, '362', 'on'),
(2164, 6, 3, '363', 'on'),
(2165, 6, 3, '364', 'on'),
(2166, 6, 3, '365', 'on'),
(2167, 6, 3, '366', 'on'),
(2168, 6, 3, '367', 'on'),
(2169, 6, 3, '368', 'on'),
(2170, 6, 3, '369', 'on'),
(2171, 6, 3, '370', 'on'),
(2172, 6, 3, '371', 'on'),
(2173, 6, 3, '372', 'on'),
(2174, 6, 3, '373', 'on'),
(2175, 6, 3, '374', 'on'),
(2176, 6, 3, '375', 'on'),
(2177, 6, 3, '376', 'on'),
(2178, 6, 3, '377', 'on'),
(2179, 6, 3, '378', 'on'),
(2180, 6, 3, '379', 'on'),
(2181, 6, 3, '380', 'on'),
(2182, 6, 3, '381', 'on'),
(2183, 6, 3, '382', 'on'),
(2184, 6, 3, '383', 'on'),
(2185, 6, 3, '384', 'on'),
(2186, 6, 3, '385', 'on'),
(2187, 6, 3, '386', 'on'),
(2188, 6, 3, '387', 'on'),
(2189, 6, 3, '388', 'on'),
(2190, 6, 3, '389', 'on'),
(2191, 6, 3, '390', 'on'),
(2192, 6, 3, '391', 'on'),
(2193, 6, 3, '392', 'on'),
(2194, 6, 3, '393', 'on'),
(2195, 6, 3, '394', 'on'),
(2196, 6, 3, '395', 'on'),
(2197, 6, 3, '396', 'on'),
(2198, 6, 3, '397', 'on'),
(2199, 6, 3, '398', 'on'),
(2200, 6, 3, '399', 'on'),
(2201, 7, 3, '300', 'on'),
(2202, 7, 3, '301', 'on'),
(2203, 7, 3, '302', 'on'),
(2204, 7, 3, '303', 'on'),
(2205, 7, 3, '304', 'on'),
(2206, 7, 3, '305', 'on'),
(2207, 7, 3, '306', 'on'),
(2208, 7, 3, '307', 'on'),
(2209, 7, 3, '308', 'on'),
(2210, 7, 3, '309', 'on'),
(2211, 7, 3, '310', 'on'),
(2212, 7, 3, '311', 'on'),
(2213, 7, 3, '312', 'on'),
(2214, 7, 3, '313', 'on'),
(2215, 7, 3, '314', 'on'),
(2216, 7, 3, '315', 'on'),
(2217, 7, 3, '316', 'on'),
(2218, 7, 3, '317', 'on'),
(2219, 7, 3, '318', 'on'),
(2220, 7, 3, '319', 'on'),
(2221, 7, 3, '320', 'on'),
(2222, 7, 3, '321', 'on'),
(2223, 7, 3, '322', 'on'),
(2224, 7, 3, '323', 'on'),
(2225, 7, 3, '324', 'on'),
(2226, 7, 3, '325', 'on'),
(2227, 7, 3, '326', 'on'),
(2228, 7, 3, '327', 'on'),
(2229, 7, 3, '328', 'on'),
(2230, 7, 3, '329', 'on'),
(2231, 7, 3, '330', 'on'),
(2232, 7, 3, '331', 'on'),
(2233, 7, 3, '332', 'on'),
(2234, 7, 3, '333', 'on'),
(2235, 7, 3, '334', 'on'),
(2236, 7, 3, '335', 'on'),
(2237, 7, 3, '336', 'on'),
(2238, 7, 3, '337', 'on'),
(2239, 7, 3, '338', 'on'),
(2240, 7, 3, '339', 'on'),
(2241, 7, 3, '340', 'on'),
(2242, 7, 3, '341', 'on'),
(2243, 7, 3, '342', 'on'),
(2244, 7, 3, '343', 'on'),
(2245, 7, 3, '344', 'on'),
(2246, 7, 3, '345', 'on'),
(2247, 7, 3, '346', 'on'),
(2248, 7, 3, '347', 'on'),
(2249, 7, 3, '348', 'on'),
(2250, 7, 3, '349', 'on'),
(2251, 7, 3, '350', 'on'),
(2252, 7, 3, '351', 'on'),
(2253, 7, 3, '352', 'on'),
(2254, 7, 3, '353', 'on'),
(2255, 7, 3, '354', 'on'),
(2256, 7, 3, '355', 'on'),
(2257, 7, 3, '356', 'on'),
(2258, 7, 3, '357', 'on'),
(2259, 7, 3, '358', 'on'),
(2260, 7, 3, '359', 'on'),
(2261, 7, 3, '360', 'on'),
(2262, 7, 3, '361', 'on'),
(2263, 7, 3, '362', 'on'),
(2264, 7, 3, '363', 'on'),
(2265, 7, 3, '364', 'on'),
(2266, 7, 3, '365', 'on'),
(2267, 7, 3, '366', 'on'),
(2268, 7, 3, '367', 'on'),
(2269, 7, 3, '368', 'on'),
(2270, 7, 3, '369', 'on'),
(2271, 7, 3, '370', 'on'),
(2272, 7, 3, '371', 'on'),
(2273, 7, 3, '372', 'on'),
(2274, 7, 3, '373', 'on'),
(2275, 7, 3, '374', 'on'),
(2276, 7, 3, '375', 'on'),
(2277, 7, 3, '376', 'on'),
(2278, 7, 3, '377', 'on'),
(2279, 7, 3, '378', 'on'),
(2280, 7, 3, '379', 'on'),
(2281, 7, 3, '380', 'on'),
(2282, 7, 3, '381', 'on'),
(2283, 7, 3, '382', 'on'),
(2284, 7, 3, '383', 'on'),
(2285, 7, 3, '384', 'on'),
(2286, 7, 3, '385', 'on'),
(2287, 7, 3, '386', 'on'),
(2288, 7, 3, '387', 'on'),
(2289, 7, 3, '388', 'on'),
(2290, 7, 3, '389', 'on'),
(2291, 7, 3, '390', 'on'),
(2292, 7, 3, '391', 'on'),
(2293, 7, 3, '392', 'on'),
(2294, 7, 3, '393', 'on'),
(2295, 7, 3, '394', 'on'),
(2296, 7, 3, '395', 'on'),
(2297, 7, 3, '396', 'on'),
(2298, 7, 3, '397', 'on'),
(2299, 7, 3, '398', 'on'),
(2300, 7, 3, '399', 'on'),
(2301, 8, 3, '300', 'on'),
(2302, 8, 3, '301', 'on'),
(2303, 8, 3, '302', 'on'),
(2304, 8, 3, '303', 'on'),
(2305, 8, 3, '304', 'on'),
(2306, 8, 3, '305', 'on'),
(2307, 8, 3, '306', 'on'),
(2308, 8, 3, '307', 'on'),
(2309, 8, 3, '308', 'on'),
(2310, 8, 3, '309', 'on'),
(2311, 8, 3, '310', 'on'),
(2312, 8, 3, '311', 'on'),
(2313, 8, 3, '312', 'on'),
(2314, 8, 3, '313', 'on'),
(2315, 8, 3, '314', 'on'),
(2316, 8, 3, '315', 'on'),
(2317, 8, 3, '316', 'on'),
(2318, 8, 3, '317', 'on'),
(2319, 8, 3, '318', 'on'),
(2320, 8, 3, '319', 'on'),
(2321, 8, 3, '320', 'on'),
(2322, 8, 3, '321', 'on'),
(2323, 8, 3, '322', 'on'),
(2324, 8, 3, '323', 'on'),
(2325, 8, 3, '324', 'on'),
(2326, 8, 3, '325', 'on'),
(2327, 8, 3, '326', 'on'),
(2328, 8, 3, '327', 'on'),
(2329, 8, 3, '328', 'on'),
(2330, 8, 3, '329', 'on'),
(2331, 8, 3, '330', 'on'),
(2332, 8, 3, '331', 'on'),
(2333, 8, 3, '332', 'on'),
(2334, 8, 3, '333', 'on'),
(2335, 8, 3, '334', 'on'),
(2336, 8, 3, '335', 'on'),
(2337, 8, 3, '336', 'on'),
(2338, 8, 3, '337', 'on'),
(2339, 8, 3, '338', 'on'),
(2340, 8, 3, '339', 'on'),
(2341, 8, 3, '340', 'on'),
(2342, 8, 3, '341', 'on'),
(2343, 8, 3, '342', 'on'),
(2344, 8, 3, '343', 'on'),
(2345, 8, 3, '344', 'on'),
(2346, 8, 3, '345', 'on'),
(2347, 8, 3, '346', 'on'),
(2348, 8, 3, '347', 'on'),
(2349, 8, 3, '348', 'on'),
(2350, 8, 3, '349', 'on'),
(2351, 8, 3, '350', 'on'),
(2352, 8, 3, '351', 'on'),
(2353, 8, 3, '352', 'on'),
(2354, 8, 3, '353', 'on'),
(2355, 8, 3, '354', 'on'),
(2356, 8, 3, '355', 'on'),
(2357, 8, 3, '356', 'on'),
(2358, 8, 3, '357', 'on'),
(2359, 8, 3, '358', 'on'),
(2360, 8, 3, '359', 'on'),
(2361, 8, 3, '360', 'on'),
(2362, 8, 3, '361', 'on'),
(2363, 8, 3, '362', 'on'),
(2364, 8, 3, '363', 'on'),
(2365, 8, 3, '364', 'on'),
(2366, 8, 3, '365', 'on'),
(2367, 8, 3, '366', 'on'),
(2368, 8, 3, '367', 'on'),
(2369, 8, 3, '368', 'on'),
(2370, 8, 3, '369', 'on'),
(2371, 8, 3, '370', 'on'),
(2372, 8, 3, '371', 'on'),
(2373, 8, 3, '372', 'on'),
(2374, 8, 3, '373', 'on'),
(2375, 8, 3, '374', 'on'),
(2376, 8, 3, '375', 'on'),
(2377, 8, 3, '376', 'on'),
(2378, 8, 3, '377', 'on'),
(2379, 8, 3, '378', 'on'),
(2380, 8, 3, '379', 'on'),
(2381, 8, 3, '380', 'on'),
(2382, 8, 3, '381', 'on'),
(2383, 8, 3, '382', 'on'),
(2384, 8, 3, '383', 'on'),
(2385, 8, 3, '384', 'on'),
(2386, 8, 3, '385', 'on'),
(2387, 8, 3, '386', 'on'),
(2388, 8, 3, '387', 'on'),
(2389, 8, 3, '388', 'on'),
(2390, 8, 3, '389', 'on'),
(2391, 8, 3, '390', 'on'),
(2392, 8, 3, '391', 'on'),
(2393, 8, 3, '392', 'on'),
(2394, 8, 3, '393', 'on'),
(2395, 8, 3, '394', 'on'),
(2396, 8, 3, '395', 'on'),
(2397, 8, 3, '396', 'on'),
(2398, 8, 3, '397', 'on'),
(2399, 8, 3, '398', 'on'),
(2400, 8, 3, '399', 'on'),
(2401, 9, 3, '300', 'on'),
(2402, 9, 3, '301', 'on'),
(2403, 9, 3, '302', 'on'),
(2404, 9, 3, '303', 'on'),
(2405, 9, 3, '304', 'on'),
(2406, 9, 3, '305', 'on'),
(2407, 9, 3, '306', 'on'),
(2408, 9, 3, '307', 'on'),
(2409, 9, 3, '308', 'on'),
(2410, 9, 3, '309', 'on'),
(2411, 9, 3, '310', 'on'),
(2412, 9, 3, '311', 'on'),
(2413, 9, 3, '312', 'on'),
(2414, 9, 3, '313', 'on'),
(2415, 9, 3, '314', 'on'),
(2416, 9, 3, '315', 'on'),
(2417, 9, 3, '316', 'on'),
(2418, 9, 3, '317', 'on'),
(2419, 9, 3, '318', 'on'),
(2420, 9, 3, '319', 'on'),
(2421, 9, 3, '320', 'on'),
(2422, 9, 3, '321', 'on'),
(2423, 9, 3, '322', 'on'),
(2424, 9, 3, '323', 'on'),
(2425, 9, 3, '324', 'on'),
(2426, 9, 3, '325', 'on'),
(2427, 9, 3, '326', 'on'),
(2428, 9, 3, '327', 'on'),
(2429, 9, 3, '328', 'on'),
(2430, 9, 3, '329', 'on'),
(2431, 9, 3, '330', 'on'),
(2432, 9, 3, '331', 'on'),
(2433, 9, 3, '332', 'on'),
(2434, 9, 3, '333', 'on'),
(2435, 9, 3, '334', 'on'),
(2436, 9, 3, '335', 'on'),
(2437, 9, 3, '336', 'on'),
(2438, 9, 3, '337', 'on'),
(2439, 9, 3, '338', 'on'),
(2440, 9, 3, '339', 'on'),
(2441, 9, 3, '340', 'on'),
(2442, 9, 3, '341', 'on'),
(2443, 9, 3, '342', 'on'),
(2444, 9, 3, '343', 'on'),
(2445, 9, 3, '344', 'on'),
(2446, 9, 3, '345', 'on'),
(2447, 9, 3, '346', 'on'),
(2448, 9, 3, '347', 'on'),
(2449, 9, 3, '348', 'on'),
(2450, 9, 3, '349', 'on'),
(2451, 9, 3, '350', 'on'),
(2452, 9, 3, '351', 'on'),
(2453, 9, 3, '352', 'on'),
(2454, 9, 3, '353', 'on'),
(2455, 9, 3, '354', 'on'),
(2456, 9, 3, '355', 'on'),
(2457, 9, 3, '356', 'on'),
(2458, 9, 3, '357', 'on'),
(2459, 9, 3, '358', 'on'),
(2460, 9, 3, '359', 'on'),
(2461, 9, 3, '360', 'on'),
(2462, 9, 3, '361', 'on'),
(2463, 9, 3, '362', 'on'),
(2464, 9, 3, '363', 'on'),
(2465, 9, 3, '364', 'on'),
(2466, 9, 3, '365', 'on'),
(2467, 9, 3, '366', 'on'),
(2468, 9, 3, '367', 'on'),
(2469, 9, 3, '368', 'on'),
(2470, 9, 3, '369', 'on'),
(2471, 9, 3, '370', 'on'),
(2472, 9, 3, '371', 'on'),
(2473, 9, 3, '372', 'on'),
(2474, 9, 3, '373', 'on'),
(2475, 9, 3, '374', 'on'),
(2476, 9, 3, '375', 'on'),
(2477, 9, 3, '376', 'on'),
(2478, 9, 3, '377', 'on'),
(2479, 9, 3, '378', 'on'),
(2480, 9, 3, '379', 'on'),
(2481, 9, 3, '380', 'on'),
(2482, 9, 3, '381', 'on'),
(2483, 9, 3, '382', 'on'),
(2484, 9, 3, '383', 'on'),
(2485, 9, 3, '384', 'on'),
(2486, 9, 3, '385', 'on'),
(2487, 9, 3, '386', 'on'),
(2488, 9, 3, '387', 'on'),
(2489, 9, 3, '388', 'on'),
(2490, 9, 3, '389', 'on'),
(2491, 9, 3, '390', 'on'),
(2492, 9, 3, '391', 'on'),
(2493, 9, 3, '392', 'on'),
(2494, 9, 3, '393', 'on'),
(2495, 9, 3, '394', 'on'),
(2496, 9, 3, '395', 'on'),
(2497, 9, 3, '396', 'on'),
(2498, 9, 3, '397', 'on'),
(2499, 9, 3, '398', 'on'),
(2500, 9, 3, '399', 'on'),
(2501, 10, 3, '300', 'on'),
(2502, 10, 3, '301', 'on'),
(2503, 10, 3, '302', 'on'),
(2504, 10, 3, '303', 'on'),
(2505, 10, 3, '304', 'on'),
(2506, 10, 3, '305', 'on'),
(2507, 10, 3, '306', 'on'),
(2508, 10, 3, '307', 'on'),
(2509, 10, 3, '308', 'on'),
(2510, 10, 3, '309', 'on'),
(2511, 10, 3, '310', 'on'),
(2512, 10, 3, '311', 'on'),
(2513, 10, 3, '312', 'on'),
(2514, 10, 3, '313', 'on'),
(2515, 10, 3, '314', 'on'),
(2516, 10, 3, '315', 'on'),
(2517, 10, 3, '316', 'on'),
(2518, 10, 3, '317', 'on'),
(2519, 10, 3, '318', 'on'),
(2520, 10, 3, '319', 'on'),
(2521, 10, 3, '320', 'on'),
(2522, 10, 3, '321', 'on'),
(2523, 10, 3, '322', 'on'),
(2524, 10, 3, '323', 'on'),
(2525, 10, 3, '324', 'on'),
(2526, 10, 3, '325', 'on'),
(2527, 10, 3, '326', 'on'),
(2528, 10, 3, '327', 'on'),
(2529, 10, 3, '328', 'on'),
(2530, 10, 3, '329', 'on'),
(2531, 10, 3, '330', 'on'),
(2532, 10, 3, '331', 'on'),
(2533, 10, 3, '332', 'on'),
(2534, 10, 3, '333', 'on'),
(2535, 10, 3, '334', 'on'),
(2536, 10, 3, '335', 'on'),
(2537, 10, 3, '336', 'on'),
(2538, 10, 3, '337', 'on'),
(2539, 10, 3, '338', 'on'),
(2540, 10, 3, '339', 'on'),
(2541, 10, 3, '340', 'on'),
(2542, 10, 3, '341', 'on'),
(2543, 10, 3, '342', 'on'),
(2544, 10, 3, '343', 'on'),
(2545, 10, 3, '344', 'on'),
(2546, 10, 3, '345', 'on'),
(2547, 10, 3, '346', 'on'),
(2548, 10, 3, '347', 'on'),
(2549, 10, 3, '348', 'on'),
(2550, 10, 3, '349', 'on'),
(2551, 10, 3, '350', 'on'),
(2552, 10, 3, '351', 'on'),
(2553, 10, 3, '352', 'on'),
(2554, 10, 3, '353', 'on'),
(2555, 10, 3, '354', 'on'),
(2556, 10, 3, '355', 'on'),
(2557, 10, 3, '356', 'on'),
(2558, 10, 3, '357', 'on'),
(2559, 10, 3, '358', 'on'),
(2560, 10, 3, '359', 'on'),
(2561, 10, 3, '360', 'on'),
(2562, 10, 3, '361', 'on'),
(2563, 10, 3, '362', 'on'),
(2564, 10, 3, '363', 'on'),
(2565, 10, 3, '364', 'on'),
(2566, 10, 3, '365', 'on'),
(2567, 10, 3, '366', 'on'),
(2568, 10, 3, '367', 'on'),
(2569, 10, 3, '368', 'on'),
(2570, 10, 3, '369', 'on'),
(2571, 10, 3, '370', 'on'),
(2572, 10, 3, '371', 'on'),
(2573, 10, 3, '372', 'on'),
(2574, 10, 3, '373', 'on'),
(2575, 10, 3, '374', 'on'),
(2576, 10, 3, '375', 'on'),
(2577, 10, 3, '376', 'on'),
(2578, 10, 3, '377', 'on'),
(2579, 10, 3, '378', 'on'),
(2580, 10, 3, '379', 'on'),
(2581, 10, 3, '380', 'on'),
(2582, 10, 3, '381', 'on'),
(2583, 10, 3, '382', 'on'),
(2584, 10, 3, '383', 'on'),
(2585, 10, 3, '384', 'on'),
(2586, 10, 3, '385', 'on'),
(2587, 10, 3, '386', 'on'),
(2588, 10, 3, '387', 'on'),
(2589, 10, 3, '388', 'on'),
(2590, 10, 3, '389', 'on'),
(2591, 10, 3, '390', 'on'),
(2592, 10, 3, '391', 'on'),
(2593, 10, 3, '392', 'on'),
(2594, 10, 3, '393', 'on'),
(2595, 10, 3, '394', 'on'),
(2596, 10, 3, '395', 'on'),
(2597, 10, 3, '396', 'on'),
(2598, 10, 3, '397', 'on'),
(2599, 10, 3, '398', 'on'),
(2600, 10, 3, '399', 'on'),
(2601, 11, 3, '300', 'on'),
(2602, 11, 3, '301', 'on'),
(2603, 11, 3, '302', 'on'),
(2604, 11, 3, '303', 'on'),
(2605, 11, 3, '304', 'on'),
(2606, 11, 3, '305', 'on'),
(2607, 11, 3, '306', 'on'),
(2608, 11, 3, '307', 'on'),
(2609, 11, 3, '308', 'on'),
(2610, 11, 3, '309', 'on'),
(2611, 11, 3, '310', 'on'),
(2612, 11, 3, '311', 'on'),
(2613, 11, 3, '312', 'on'),
(2614, 11, 3, '313', 'on'),
(2615, 11, 3, '314', 'on'),
(2616, 11, 3, '315', 'on'),
(2617, 11, 3, '316', 'on'),
(2618, 11, 3, '317', 'on'),
(2619, 11, 3, '318', 'on'),
(2620, 11, 3, '319', 'on'),
(2621, 11, 3, '320', 'on'),
(2622, 11, 3, '321', 'on'),
(2623, 11, 3, '322', 'on'),
(2624, 11, 3, '323', 'on'),
(2625, 11, 3, '324', 'on'),
(2626, 11, 3, '325', 'on'),
(2627, 11, 3, '326', 'on'),
(2628, 11, 3, '327', 'on'),
(2629, 11, 3, '328', 'on'),
(2630, 11, 3, '329', 'on'),
(2631, 11, 3, '330', 'on'),
(2632, 11, 3, '331', 'on'),
(2633, 11, 3, '332', 'on'),
(2634, 11, 3, '333', 'on'),
(2635, 11, 3, '334', 'on'),
(2636, 11, 3, '335', 'on'),
(2637, 11, 3, '336', 'on'),
(2638, 11, 3, '337', 'on'),
(2639, 11, 3, '338', 'on'),
(2640, 11, 3, '339', 'on'),
(2641, 11, 3, '340', 'on'),
(2642, 11, 3, '341', 'on'),
(2643, 11, 3, '342', 'on'),
(2644, 11, 3, '343', 'on'),
(2645, 11, 3, '344', 'on'),
(2646, 11, 3, '345', 'on'),
(2647, 11, 3, '346', 'on'),
(2648, 11, 3, '347', 'on'),
(2649, 11, 3, '348', 'on'),
(2650, 11, 3, '349', 'on'),
(2651, 11, 3, '350', 'on'),
(2652, 11, 3, '351', 'on'),
(2653, 11, 3, '352', 'on'),
(2654, 11, 3, '353', 'on'),
(2655, 11, 3, '354', 'on'),
(2656, 11, 3, '355', 'on'),
(2657, 11, 3, '356', 'on'),
(2658, 11, 3, '357', 'on'),
(2659, 11, 3, '358', 'on'),
(2660, 11, 3, '359', 'on'),
(2661, 11, 3, '360', 'on'),
(2662, 11, 3, '361', 'on'),
(2663, 11, 3, '362', 'on'),
(2664, 11, 3, '363', 'on'),
(2665, 11, 3, '364', 'on'),
(2666, 11, 3, '365', 'on'),
(2667, 11, 3, '366', 'on'),
(2668, 11, 3, '367', 'on'),
(2669, 11, 3, '368', 'on'),
(2670, 11, 3, '369', 'on'),
(2671, 11, 3, '370', 'on'),
(2672, 11, 3, '371', 'on'),
(2673, 11, 3, '372', 'on'),
(2674, 11, 3, '373', 'on'),
(2675, 11, 3, '374', 'on'),
(2676, 11, 3, '375', 'on'),
(2677, 11, 3, '376', 'on'),
(2678, 11, 3, '377', 'on'),
(2679, 11, 3, '378', 'on'),
(2680, 11, 3, '379', 'on'),
(2681, 11, 3, '380', 'on'),
(2682, 11, 3, '381', 'on'),
(2683, 11, 3, '382', 'on'),
(2684, 11, 3, '383', 'on'),
(2685, 11, 3, '384', 'on'),
(2686, 11, 3, '385', 'on'),
(2687, 11, 3, '386', 'on'),
(2688, 11, 3, '387', 'on'),
(2689, 11, 3, '388', 'on'),
(2690, 11, 3, '389', 'on'),
(2691, 11, 3, '390', 'on'),
(2692, 11, 3, '391', 'on'),
(2693, 11, 3, '392', 'on'),
(2694, 11, 3, '393', 'on'),
(2695, 11, 3, '394', 'on'),
(2696, 11, 3, '395', 'on'),
(2697, 11, 3, '396', 'on'),
(2698, 11, 3, '397', 'on'),
(2699, 11, 3, '398', 'on'),
(2700, 11, 3, '399', 'on');

-- --------------------------------------------------------

--
-- Struktur dari tabel `rute`
--

CREATE TABLE `rute` (
  `id_rute` int(11) NOT NULL,
  `tempat` varchar(50) NOT NULL,
  `tujuan` varchar(50) NOT NULL,
  `tarif_dewasa` varchar(20) NOT NULL,
  `tarif_anak` varchar(20) NOT NULL,
  `jarak` varchar(10) NOT NULL,
  `status` enum('on','off','','') NOT NULL
) ENGINE=InnoDB DEFAULT CHARSET=latin1;

--
-- Dumping data untuk tabel `rute`
--

INSERT INTO `rute` (`id_rute`, `tempat`, `tujuan`, `tarif_dewasa`, `tarif_anak`, `jarak`, `status`) VALUES
(4, 'Surabaya', 'Banjarmasin', '300000', '225000', '960', 'on'),
(5, 'Banjarmasin', 'Surabaya', '300000', '225000', '960', 'on'),
(6, 'Surabaya', 'Makassar', '300000', '225000', '823', 'on'),
(7, 'Makassar', 'Surabaya', '300000', '225000', '823', 'on'),
(8, 'Surabaya', 'Sampit', '235000', '180000', '545', 'on'),
(9, 'Sampit', 'Surabaya', '235000', '180000', '545', 'on'),
(10, 'Semarang', 'Ketapang', '290000', '230000', '899', 'on'),
(11, 'Ketapang', 'Semarang', '293500', '235000', '899', 'on'),
(12, 'Semarang', 'Kumai', '225000', '180000', '483', 'on'),
(13, 'Kumai', 'Semarang', '225000', '180000', '483', 'on'),
(14, 'Semarang', 'Pontianak', '320000', '260000', '1142', 'on'),
(15, 'Pontianak', 'Semarang', '320000', '260000', '1142', 'on'),
(16, 'Makassar', 'Bau-bau', '175000', '120000', '436', 'on'),
(17, 'Bau-bau', 'Makassar', '175000', '120000', '436', 'on'),
(18, 'Makassar', 'Balikpapan', '300000', '260000', '612', 'on'),
(19, 'Balikpapan', 'Makassar', '300000', '260000', '612', 'on'),
(20, 'Makassar', 'Batulicin', '300000', '260000', '996', 'on'),
(21, 'Batulicin', 'Makassar', '300000', '260000', '996', 'on');

-- --------------------------------------------------------

--
-- Struktur dari tabel `user`
--

CREATE TABLE `user` (
  `id_user` int(11) NOT NULL,
  `email` varchar(50) NOT NULL,
  `password` varchar(120) NOT NULL,
  `nama` varchar(50) NOT NULL,
  `alamat` varchar(120) DEFAULT NULL,
  `tgl_lahir` date DEFAULT NULL,
  `genre` enum('pria','wanita','','') DEFAULT NULL,
  `level` enum('1','2','','') NOT NULL
) ENGINE=InnoDB DEFAULT CHARSET=latin1;

--
-- Dumping data untuk tabel `user`
--

INSERT INTO `user` (`id_user`, `email`, `password`, `nama`, `alamat`, `tgl_lahir`, `genre`, `level`) VALUES
(4, 'danifahmy5@gmail.com', '$2y$10$rU.TojyNPv52rP2zcfLJJunClmATsfiGNzdNlR.SJWXTV0D//alvC', 'dani', NULL, NULL, NULL, '1'),
(5, 'danifahmy5a@gmail.com', '$2y$10$iC6lwPDxqw4OZuR9.GPF6.y588CaUCMRhSSa1LRCvcaBIIV/N3Fwu', 'dani', NULL, NULL, NULL, '2'),
(6, 'danifahmy5as@gmail.com', '$2y$10$Wc3W4LM/gtQ00Ww6nlDENelA8rpU/EnDhh6qlL7T8AV.tV8A6lE3O', 'dani', NULL, NULL, NULL, '2'),
(7, 'suci.ika99@gmail.com', '$2y$10$fumjhwmu60DX4Qwh/6k1A.mKTTTcQelpqA9fVAUVXzXobmofFDdce', 'dani', 'jajar sukosewu Rt27 Rw 03 Kec. Sukosewu Kab Bojonegoro Jawa timur indonesia', NULL, NULL, '2'),
(8, 'suci.ika99a@gmail.com', '$2y$10$5IAHDhp2fiau20NK.s.kWODqhGyab/dhd4eRqNjOegbmpjW2NeIOy', 'dani', 'jajar sukosewu Rt27 Rw 03 Kec. Sukosewu Kab Bojonegoro Jawa timur indonesia', NULL, NULL, '2'),
(9, 'dros@gmail.com', '$2y$10$oLQ6SEirQZlhrkRHXolKceF.6Gn/4Mmfx6CpaCgHKtb1D2LkZukKO', 'dRos', 'jajar sukoswu', NULL, NULL, '2'),
(10, 'dani@gmail.com', '$2y$10$26LVluu3VYV/3kNbVMSb3O/Wxp7WWy/LNkXw3xxBjeLCp60FO2l7S', 'dani fahmy', 'Jajar sukosewu Rt 27 Rw 03', NULL, NULL, '2');

--
-- Indexes for dumped tables
--

--
-- Indexes for table `boking`
--
ALTER TABLE `boking`
  ADD PRIMARY KEY (`id_boking`),
  ADD KEY `id_user` (`id_user`),
  ADD KEY `id_rute` (`id_rute`),
  ADD KEY `id_kapal` (`id_kapal`);

--
-- Indexes for table `detail_boking`
--
ALTER TABLE `detail_boking`
  ADD PRIMARY KEY (`id_detail_boking`),
  ADD KEY `no_faktur` (`id_boking`),
  ADD KEY `id_kursi` (`id_kursi`);

--
-- Indexes for table `jadwal`
--
ALTER TABLE `jadwal`
  ADD PRIMARY KEY (`id_jadwal`),
  ADD KEY `id_rute` (`id_rute`),
  ADD KEY `id_kapal` (`id_kapal`);

--
-- Indexes for table `kabin`
--
ALTER TABLE `kabin`
  ADD PRIMARY KEY (`id_kabin`);

--
-- Indexes for table `kapal`
--
ALTER TABLE `kapal`
  ADD PRIMARY KEY (`id_kapal`);

--
-- Indexes for table `kursi`
--
ALTER TABLE `kursi`
  ADD PRIMARY KEY (`id_kursi`),
  ADD KEY `id_kabin` (`id_kabin`),
  ADD KEY `id_kapal` (`id_kapal`);

--
-- Indexes for table `rute`
--
ALTER TABLE `rute`
  ADD PRIMARY KEY (`id_rute`);

--
-- Indexes for table `user`
--
ALTER TABLE `user`
  ADD PRIMARY KEY (`id_user`);

--
-- AUTO_INCREMENT for dumped tables
--

--
-- AUTO_INCREMENT for table `boking`
--
ALTER TABLE `boking`
  MODIFY `id_boking` int(11) NOT NULL AUTO_INCREMENT, AUTO_INCREMENT=8;

--
-- AUTO_INCREMENT for table `detail_boking`
--
ALTER TABLE `detail_boking`
  MODIFY `id_detail_boking` int(11) NOT NULL AUTO_INCREMENT, AUTO_INCREMENT=16;

--
-- AUTO_INCREMENT for table `jadwal`
--
ALTER TABLE `jadwal`
  MODIFY `id_jadwal` int(11) NOT NULL AUTO_INCREMENT, AUTO_INCREMENT=21;

--
-- AUTO_INCREMENT for table `kabin`
--
ALTER TABLE `kabin`
  MODIFY `id_kabin` int(11) NOT NULL AUTO_INCREMENT, AUTO_INCREMENT=4;

--
-- AUTO_INCREMENT for table `kapal`
--
ALTER TABLE `kapal`
  MODIFY `id_kapal` int(11) NOT NULL AUTO_INCREMENT, AUTO_INCREMENT=12;

--
-- AUTO_INCREMENT for table `kursi`
--
ALTER TABLE `kursi`
  MODIFY `id_kursi` int(11) NOT NULL AUTO_INCREMENT, AUTO_INCREMENT=2701;

--
-- AUTO_INCREMENT for table `rute`
--
ALTER TABLE `rute`
  MODIFY `id_rute` int(11) NOT NULL AUTO_INCREMENT, AUTO_INCREMENT=22;

--
-- AUTO_INCREMENT for table `user`
--
ALTER TABLE `user`
  MODIFY `id_user` int(11) NOT NULL AUTO_INCREMENT, AUTO_INCREMENT=11;

--
-- Ketidakleluasaan untuk tabel pelimpahan (Dumped Tables)
--

--
-- Ketidakleluasaan untuk tabel `boking`
--
ALTER TABLE `boking`
  ADD CONSTRAINT `boking_ibfk_1` FOREIGN KEY (`id_rute`) REFERENCES `rute` (`id_rute`) ON UPDATE CASCADE,
  ADD CONSTRAINT `boking_ibfk_3` FOREIGN KEY (`id_user`) REFERENCES `user` (`id_user`) ON UPDATE CASCADE,
  ADD CONSTRAINT `boking_ibfk_4` FOREIGN KEY (`id_kapal`) REFERENCES `kapal` (`id_kapal`) ON UPDATE CASCADE;

--
-- Ketidakleluasaan untuk tabel `detail_boking`
--
ALTER TABLE `detail_boking`
  ADD CONSTRAINT `detail_boking_ibfk_1` FOREIGN KEY (`id_boking`) REFERENCES `boking` (`id_boking`) ON UPDATE CASCADE,
  ADD CONSTRAINT `detail_boking_ibfk_2` FOREIGN KEY (`id_kursi`) REFERENCES `kursi` (`id_kursi`) ON UPDATE CASCADE;

--
-- Ketidakleluasaan untuk tabel `jadwal`
--
ALTER TABLE `jadwal`
  ADD CONSTRAINT `jadwal_ibfk_1` FOREIGN KEY (`id_rute`) REFERENCES `rute` (`id_rute`) ON UPDATE CASCADE,
  ADD CONSTRAINT `jadwal_ibfk_2` FOREIGN KEY (`id_kapal`) REFERENCES `kapal` (`id_kapal`) ON UPDATE CASCADE;

--
-- Ketidakleluasaan untuk tabel `kursi`
--
ALTER TABLE `kursi`
  ADD CONSTRAINT `kursi_ibfk_1` FOREIGN KEY (`id_kabin`) REFERENCES `kabin` (`id_kabin`) ON UPDATE CASCADE,
  ADD CONSTRAINT `kursi_ibfk_2` FOREIGN KEY (`id_kapal`) REFERENCES `kapal` (`id_kapal`);
COMMIT;

/*!40101 SET CHARACTER_SET_CLIENT=@OLD_CHARACTER_SET_CLIENT */;
/*!40101 SET CHARACTER_SET_RESULTS=@OLD_CHARACTER_SET_RESULTS */;
/*!40101 SET COLLATION_CONNECTION=@OLD_COLLATION_CONNECTION */;
